"","id","id_str","name","screen_name","location","description","url","protected","followers_count","friends_count","listed_count","created_at","favourites_count","verified","statuses_count","profile_image_url_https","profile_banner_url","default_profile","default_profile_image","withheld_in_countries","derived","withheld_scope","entities"
"1",732521058507620352,"732521058507620356","Ukraine / –£–∫—Ä–∞—ó–Ω–∞","Ukraine","Ukraine","Yes, this is the official Twitter account of Ukraine. –û—Ñ—ñ—Ü—ñ–π–Ω–∏–π –∞–∫–∞—É–Ω—Ç —Ç–≤–æ—î—ó –ù–µ–Ω—å–∫–∏.",NA,FALSE,2218410,24,9097,2016-05-17 04:40:04,740,TRUE,1891,"https://pbs.twimg.com/profile_images/1011852346232631296/gw8Yp3dG_normal.jpg","https://pbs.twimg.com/profile_banners/732521058507620356/1625634206",TRUE,FALSE,"list()",NA,NA,"list(description = list(url = NA, expanded_url = NA, display_url = NA, indices = list(NA), unwound = list(NA)), url = list(url = NA, expanded_url = NA, display_url = NA, indices = list(NA), unwound = list(NA)))"
"2",630995607,"630995607","Defense of Ukraine","DefenceU","–£–∫—Ä–∞—ó–Ω–∞","Official page of the Ministry of Defense of Ukraine üá∫üá¶","https://t.co/PavcLC8tCn",FALSE,1460777,95,10140,2012-07-09 02:39:09,198,TRUE,13434,"https://pbs.twimg.com/profile_images/1082609315154923520/IVrAYLGj_normal.jpg","https://pbs.twimg.com/profile_banners/630995607/1654235680",FALSE,FALSE,"list()",NA,NA,"list(description = list(url = NA, expanded_url = NA, display_url = NA, indices = list(NA), unwound = list(NA)), url = list(url = ""https://t.co/PavcLC8tCn"", expanded_url = ""http://www.mil.gov.ua/"", display_url = ""mil.gov.ua"", indices = list(start = 0, end = 23), unwound = NA))"
"3",143427448,"143427448","MFA of Ukraine üá∫üá¶","MFA_Ukraine","Ukraine, Kyiv","Welcome to üá∫üá¶ MFA Twitter account! We Represent, Protect, Promote Ukraine and its highest value ‚Äì People. Our Foreign Minister ‚Äì @DmytroKuleba.","https://t.co/WK7H0wB3YC",FALSE,431682,1206,5894,2010-05-13 06:47:30,5483,TRUE,66488,"https://pbs.twimg.com/profile_images/1575927196903931904/hD7vcI3K_normal.jpg","https://pbs.twimg.com/profile_banners/143427448/1663138506",FALSE,FALSE,"list()",NA,NA,"list(description = list(url = NA, expanded_url = NA, display_url = NA, indices = list(NA), unwound = list(NA)), url = list(url = ""https://t.co/WK7H0wB3YC"", expanded_url = ""http://www.mfa.gov.ua"", display_url = ""mfa.gov.ua"", indices = list(start = 0, end = 23), unwound = NA))"
"4",331507887,"331507887","Kabmin of Ukraine","Kabmin_UA_e","Kyiv, Ukraine","Official Cabinet of Ministers of Ukraine Twitter account. Messages received through official  Cabinet of Ministers of Ukraine pages. Learn more","http://t.co/WA0ymuPu9F",FALSE,37577,158,964,2011-07-08 02:42:53,14666,TRUE,17654,"https://pbs.twimg.com/profile_images/1315626428965236736/bnToo7i1_normal.jpg","https://pbs.twimg.com/profile_banners/331507887/1650811444",FALSE,FALSE,"list()",NA,NA,"list(description = list(url = NA, expanded_url = NA, display_url = NA, indices = list(NA), unwound = list(NA)), url = list(url = ""http://t.co/WA0ymuPu9F"", expanded_url = ""http://www.kmu.gov.ua/control/en"", display_url = ""kmu.gov.ua/control/en"", indices = list(start = 0, end = 22), unwound = NA))"
"5",2777916078,"2777916078","–û—Ñ—ñ—Å –ì–µ–Ω–µ—Ä–∞–ª—å–Ω–æ–≥–æ –ø—Ä–æ–∫—É—Ä–æ—Ä–∞","GP_Ukraine","–ö–∏—ó–≤","–û—Ñ—ñ—Ü—ñ–π–Ω–∏–π —Ç–≤—ñ—Ç—Ç–µ—Ä –û—Ñ—ñ—Å—É –ì–µ–Ω–µ—Ä–∞–ª—å–Ω–æ–≥–æ –ø—Ä–æ–∫—É—Ä–æ—Ä–∞ / Prosecutor General's Office of Ukraine, Official Twitter","https://t.co/yeZb4dwKlE",FALSE,57216,177,561,2014-08-29 00:55:45,61,TRUE,5017,"https://pbs.twimg.com/profile_images/1469218174616969216/u5Z4nTFB_normal.jpg","https://pbs.twimg.com/profile_banners/2777916078/1646856105",FALSE,FALSE,"list()",NA,NA,"list(description = list(url = NA, expanded_url = NA, display_url = NA, indices = list(NA), unwound = list(NA)), url = list(url = ""https://t.co/yeZb4dwKlE"", expanded_url = ""https://gp.gov.ua"", display_url = ""gp.gov.ua"", indices = list(start = 0, end = 23), unwound = NA))"
"6",1405859554655604736,"1405859554655604740","Defence intelligence of Ukraine","DI_Ukraine","","–û—Ñ—ñ—Ü—ñ–π–Ω–∏–π —Ç–≤—ñ—Ç—Ç–µ—Ä –ì–æ–ª–æ–≤–Ω–æ–≥–æ —É–ø—Ä–∞–≤–ª—ñ–Ω–Ω—è —Ä–æ–∑–≤—ñ–¥–∫–∏ –ú—ñ–Ω—ñ—Å—Ç–µ—Ä—Å—Ç–≤–∞ –æ–±–æ—Ä–æ–Ω–∏ –£–∫—Ä–∞—ó–Ω–∏ / Defence intelligence of Ukraine, Official Twitter","https://t.co/GyZQadfiV8",FALSE,170882,145,2396,2021-06-18 06:07:46,208,TRUE,1403,"https://pbs.twimg.com/profile_images/1445323666804428801/4gE9wpeb_normal.jpg","https://pbs.twimg.com/profile_banners/1405859554655604740/1646056280",TRUE,FALSE,"list()",NA,NA,"list(description = list(url = NA, expanded_url = NA, display_url = NA, indices = list(NA), unwound = list(NA)), url = list(url = ""https://t.co/GyZQadfiV8"", expanded_url = ""https://gur.gov.ua/"", display_url = ""gur.gov.ua"", indices = list(start = 0, end = 23), unwound = NA))"
"7",2881560377,"2881560377","EUAM_Ukraine","EUAM_Ukraine","–£–∫—Ä–∞–∏–Ω–∞","EU Advisory Mission Ukraine (@EUSec_Defence). We advise on law enforcement and rule of law reform. We believe in a European Ukraine. üá™üá∫üá∫üá¶","https://t.co/a3FTBuJR0c",FALSE,19181,720,437,2014-11-17 12:33:22,1250,TRUE,3858,"https://pbs.twimg.com/profile_images/1483005081003995136/jHT9ZW-q_normal.jpg","https://pbs.twimg.com/profile_banners/2881560377/1646151032",FALSE,FALSE,"list()",NA,NA,"list(description = list(url = NA, expanded_url = NA, display_url = NA, indices = list(NA), unwound = list(NA)), url = list(url = ""https://t.co/a3FTBuJR0c"", expanded_url = ""http://www.euam-ukraine.eu"", display_url = ""euam-ukraine.eu"", indices = list(start = 0, end = 23), unwound = NA))"
"8",1111367492,"1111367492","India in Ukraine","IndiainUkraine","20-B M.Berlinskogo St., Kyiv","Welcome to the official Twitter account of the Embassy of India in Kyiv, Ukraine.","https://t.co/J5xT1nzpvi",FALSE,93873,324,307,2013-01-22 05:05:39,575,TRUE,2494,"https://pbs.twimg.com/profile_images/1459139907134398475/WP8N2Abw_normal.jpg","https://pbs.twimg.com/profile_banners/1111367492/1532435204",FALSE,FALSE,"list()",NA,NA,"list(description = list(url = NA, expanded_url = NA, display_url = NA, indices = list(NA), unwound = list(NA)), url = list(url = ""https://t.co/J5xT1nzpvi"", expanded_url = ""http://eoiukraine.gov.in"", display_url = ""eoiukraine.gov.in"", indices = list(start = 0, end = 23), unwound = NA))"
"9",121545137,"121545137","UNICEF Ukraine","UNICEF_UA","Kyiv","Official account of UNICEF in Ukraine. We promote the rights and wellbeing #ForEveryChild, with a special focus on  #UkraineChildren in the greatest need","https://t.co/9NEs8NYCWB",FALSE,24345,1481,598,2010-03-09 14:01:29,7593,TRUE,14883,"https://pbs.twimg.com/profile_images/867727716858163201/uhHWOfSE_normal.jpg","https://pbs.twimg.com/profile_banners/121545137/1644498071",FALSE,FALSE,"list()",NA,NA,"list(description = list(url = NA, expanded_url = NA, display_url = NA, indices = list(NA), unwound = list(NA)), url = list(url = ""https://t.co/9NEs8NYCWB"", expanded_url = ""http://unicef.org/ukraineconflict"", display_url = ""unicef.org/ukraineconflict"", indices = list(start = 0, end = 23), unwound = NA))"
"10",576094228,"576094228","EU in Ukraine","EUDelegationUA","","The Delegation of the European Union to #Ukraine. Follow Ambassador @MattiMaasikas, @eu_eeas and @eu_near üá™üá∫üá∫üá¶","https://t.co/FLQPfKfmcl",FALSE,33844,339,1334,2012-05-10 03:28:54,4104,TRUE,19185,"https://pbs.twimg.com/profile_images/1470326682859053060/_FRvD9wR_normal.jpg","https://pbs.twimg.com/profile_banners/576094228/1661178416",FALSE,FALSE,"list()",NA,NA,"list(description = list(url = NA, expanded_url = NA, display_url = NA, indices = list(NA), unwound = list(NA)), url = list(url = ""https://t.co/FLQPfKfmcl"", expanded_url = ""http://eeas.europa.eu/delegations/ukraine"", display_url = ""eeas.europa.eu/delegations/uk‚Ä¶"", indices = list(start = 0, end = 23), unwound = NA))"
"11",3293757682,"3293757682","NAB Ukraine","nab_ukr","","–ù–∞—Ü—ñ–æ–Ω–∞–ª—å–Ω–µ –∞–Ω—Ç–∏–∫–æ—Ä—É–ø—Ü—ñ–π–Ω–µ –±—é—Ä–æ –£–∫—Ä–∞—ó–Ω–∏ / National Anti-Corruption Bureau of Ukraine","https://t.co/wKSacGncv5",FALSE,65839,157,486,2015-05-21 23:40:09,47,TRUE,5853,"https://pbs.twimg.com/profile_images/1348529060075479043/ucu1hfuD_normal.jpg","https://pbs.twimg.com/profile_banners/3293757682/1662448630",FALSE,FALSE,"list()",NA,NA,"list(description = list(url = NA, expanded_url = NA, display_url = NA, indices = list(NA), unwound = list(NA)), url = list(url = ""https://t.co/wKSacGncv5"", expanded_url = ""http://nabu.gov.ua"", display_url = ""nabu.gov.ua"", indices = list(start = 0, end = 23), unwound = NA))"
"12",3139595657,"3139595657","Ukrainian Red Cross","RedCrossUkraine","Ukraine","Dream! Join! Do!","https://t.co/EjX1qyyuxx",FALSE,26411,148,457,2015-04-06 01:53:32,920,TRUE,1893,"https://pbs.twimg.com/profile_images/585027060902440960/xBI1KQ_g_normal.jpg","https://pbs.twimg.com/profile_banners/3139595657/1588430650",FALSE,FALSE,"list()",NA,NA,"list(description = list(url = NA, expanded_url = NA, display_url = NA, indices = list(NA), unwound = list(NA)), url = list(url = ""https://t.co/EjX1qyyuxx"", expanded_url = ""http://redcross.org.ua/donate/"", display_url = ""redcross.org.ua/donate/"", indices = list(start = 0, end = 23), unwound = NA))"
"13",2609424457,"2609424457","Ukraine in Sweden","UKRinSWE","Stockholm, Sweden","Embassy of Ukraine to the Kingdom of Sweden /–ü–æ—Å–æ–ª—å—Å—Ç–≤–æ –£–∫—Ä–∞—ó–Ω–∏ –≤ –ö–æ—Ä–æ–ª—ñ–≤—Å—Ç–≤—ñ –®–≤–µ—Ü—ñ—è / Ukrainas Ambassad i Sverige","https://t.co/MSuATWcANi",FALSE,7125,582,222,2014-07-07 04:55:58,536,TRUE,8459,"https://pbs.twimg.com/profile_images/1563162551462264838/u17YhJ3c_normal.jpg","https://pbs.twimg.com/profile_banners/2609424457/1663058900",FALSE,FALSE,"list()",NA,NA,"list(description = list(url = NA, expanded_url = NA, display_url = NA, indices = list(NA), unwound = list(NA)), url = list(url = ""https://t.co/MSuATWcANi"", expanded_url = ""https://sweden.mfa.gov.ua/"", display_url = ""sweden.mfa.gov.ua"", indices = list(start = 0, end = 23), unwound = NA))"
"14",918870032628756480,"918870032628756485","NationalBankUkraine","NBUkraine_eng","–£–∫—Ä–∞—ó–Ω–∞","Official English Twitter channel of the National Bank of Ukraine. –£–∫—Ä–∞—ó–Ω—Å—å–∫–æ—é @NBUkraine","https://t.co/cWqdpmIu1f",FALSE,1959,108,143,2017-10-13 10:04:22,32,FALSE,1268,"https://pbs.twimg.com/profile_images/974979969691635714/wa4FziqS_normal.jpg","https://pbs.twimg.com/profile_banners/918870032628756485/1513604955",TRUE,FALSE,"list()",NA,NA,"list(description = list(url = NA, expanded_url = NA, display_url = NA, indices = list(NA), unwound = list(NA)), url = list(url = ""https://t.co/cWqdpmIu1f"", expanded_url = ""https://bank.gov.ua/en/"", display_url = ""bank.gov.ua/en/"", indices = list(start = 0, end = 23), unwound = NA))"
"15",1149271028390146048,"1149271028390146048","Andriy Yermak","AndriyYermak","","–ö–µ—Ä—ñ–≤–Ω–∏–∫ –û—Ñ—ñ—Å—É –ü—Ä–µ–∑–∏–¥–µ–Ω—Ç–∞ –£–∫—Ä–∞—ó–Ω–∏ / Head of the Office of the President of Ukraine","https://t.co/zBq1PkNaWq",FALSE,68392,67,698,2019-07-11 04:55:40,0,TRUE,1383,"https://pbs.twimg.com/profile_images/1325143310801891329/FmvUBaZi_normal.jpg","https://pbs.twimg.com/profile_banners/1149271028390146048/1610564939",TRUE,FALSE,"list()",NA,NA,"list(description = list(url = NA, expanded_url = NA, display_url = NA, indices = list(NA), unwound = list(NA)), url = list(url = ""https://t.co/zBq1PkNaWq"", expanded_url = ""https://www.president.gov.ua/"", display_url = ""president.gov.ua"", indices = list(start = 0, end = 23), unwound = NA))"
"16",159443222,"159443222","Vogue Ukraine","VogueUkraine","–£–∫—Ä–∞–∏–Ω–∞","–ü—Ä–∏—î–¥–Ω—É–π—Ç–µ—Å—å –¥–æ Vogue Ukraine –≤ Twitter  üá∫üá¶  Be part of Vogue Ukraine on Twitter
#StandWithUkraine","https://t.co/aA0FEj7IlO",FALSE,5036,68,60,2010-06-25 05:29:23,519,TRUE,17249,"https://pbs.twimg.com/profile_images/1061956776734740480/5zPh_MVv_normal.jpg","https://pbs.twimg.com/profile_banners/159443222/1647336155",FALSE,FALSE,"list()",NA,NA,"list(description = list(url = NA, expanded_url = NA, display_url = NA, indices = list(NA), unwound = list(NA)), url = list(url = ""https://t.co/aA0FEj7IlO"", expanded_url = ""http://vogue.ua"", display_url = ""vogue.ua"", indices = list(start = 0, end = 23), unwound = NA))"
"17",3928794501,"3928794501","NATO in Ukraine","NATOinUkraine","Kyiv, Ukraine","Official Twitter account of the NATO Representation to Ukraine. This account is managed by the NATO Information and Documentation Centre in Kyiv","http://t.co/Q8EUzclMKE",FALSE,48615,594,1560,2015-10-11 09:30:30,4912,TRUE,4242,"https://pbs.twimg.com/profile_images/1444905183402676228/9rH5wDIu_normal.jpg","https://pbs.twimg.com/profile_banners/3928794501/1559571769",TRUE,FALSE,"list()",NA,NA,"list(description = list(url = NA, expanded_url = NA, display_url = NA, indices = list(NA), unwound = list(NA)), url = list(url = ""http://t.co/Q8EUzclMKE"", expanded_url = ""http://www.nato.int/cps/en/natohq/topics_64610.htm"", display_url = ""nato.int/cps/en/natohq/‚Ä¶"", indices = list(start = 0, end = 22), unwound = NA))"
"18",2363961008,"2363961008","Ukraine in Poland","UKRinPL","Warsaw, Poland/Warszawa, Polska/–í–∞—Ä—à–∞–≤–∞, –ü–æ–ª—å—â–∞","Welcome to the official Twitter account of the Embassy of Ukraine to Poland/Zapraszamy na oficjalny profil Ambasady Ukrainy w Polsce/–ü–æ—Å–æ–ª—å—Å—Ç–≤–æ –£–∫—Ä–∞—ó–Ω–∏ –≤ –ü–æ–ª—å—â—ñ","https://t.co/ntDkseYrvY",FALSE,17347,1297,272,2014-02-27 03:17:56,6001,TRUE,15517,"https://pbs.twimg.com/profile_images/1576231267611418625/U0jlSM3q_normal.jpg","https://pbs.twimg.com/profile_banners/2363961008/1663928613",TRUE,FALSE,"list()",NA,NA,"list(description = list(url = NA, expanded_url = NA, display_url = NA, indices = list(NA), unwound = list(NA)), url = list(url = ""https://t.co/ntDkseYrvY"", expanded_url = ""https://poland.mfa.gov.ua/"", display_url = ""poland.mfa.gov.ua"", indices = list(start = 0, end = 23), unwound = NA))"
"19",4430622197,"4430622197","UKR Mission to UN","UKRinUN","New York, NY","Welcome to the official Twitter account of the Permanent Mission of Ukraine to the UN! Ambassador Kyslytsya tweets from @SergiyKyslytsya","https://t.co/xt1PDWAsOT",FALSE,16693,493,634,2015-12-09 14:26:44,4285,TRUE,12147,"https://pbs.twimg.com/profile_images/1562388408827351040/Wui4nZGJ_normal.jpg","https://pbs.twimg.com/profile_banners/4430622197/1664383687",TRUE,FALSE,"list()",NA,NA,"list(description = list(url = NA, expanded_url = NA, display_url = NA, indices = list(NA), unwound = list(NA)), url = list(url = ""https://t.co/xt1PDWAsOT"", expanded_url = ""http://ukraineun.org"", display_url = ""ukraineun.org"", indices = list(start = 0, end = 23), unwound = NA))"
"20",846313357514854400,"846313357514854400","Ministry of Health of Ukraine","MoH_Ukraine","–ö–∏—ó–≤","Welcome to the official account of the Ministry of Health of Ukraine.","https://t.co/nIy0SM5NYb",FALSE,13591,501,222,2017-03-27 04:50:02,472,TRUE,3154,"https://pbs.twimg.com/profile_images/1484090736626835458/cy2Rfn9j_normal.jpg","https://pbs.twimg.com/profile_banners/846313357514854400/1655032303",TRUE,FALSE,"list()",NA,NA,"list(description = list(url = NA, expanded_url = NA, display_url = NA, indices = list(NA), unwound = list(NA)), url = list(url = ""https://t.co/nIy0SM5NYb"", expanded_url = ""https://moz.gov.ua/"", display_url = ""moz.gov.ua"", indices = list(start = 0, end = 23), unwound = NA))"
"21",2458506475,"2458506475","UKR Embassy in FIN","UA_Emb_FI","Helsinki, Finland","Embassy of Ukraine in Finland and Iceland (with residence in Helsinki)","https://t.co/bycivTyyjx",FALSE,6251,881,200,2014-04-22 12:26:45,2045,TRUE,66331,"https://pbs.twimg.com/profile_images/1564329659185119232/w60ljlV6_normal.jpg","https://pbs.twimg.com/profile_banners/2458506475/1664032126",TRUE,FALSE,"list()",NA,NA,"list(description = list(url = NA, expanded_url = NA, display_url = NA, indices = list(NA), unwound = list(NA)), url = list(url = ""https://t.co/bycivTyyjx"", expanded_url = ""http://finland.mfa.gov.ua/ua"", display_url = ""finland.mfa.gov.ua/ua"", indices = list(start = 0, end = 23), unwound = NA))"
"22",271349786,"271349786","UKR Mission to the EU","UA_EUMission","","Mission of Ukraine to the EU. Facebook https://t.co/Me630GzSTD‚Ä¶. Instagram https://t.co/PpBhX1LQbT‚Ä¶. Our Ambassador @VVChentsov","https://t.co/uTc9QdUHAr",FALSE,21269,1559,929,2011-03-24 03:59:27,3683,TRUE,25276,"https://pbs.twimg.com/profile_images/1317088104398946306/l49C21hG_normal.jpg","https://pbs.twimg.com/profile_banners/271349786/1663154332",FALSE,FALSE,"list()",NA,NA,"list(description = list(url = c(""https://t.co/Me630GzSTD"", ""https://t.co/PpBhX1LQbT""), expanded_url = c(""http://facebook.com/UkraineEUMissi"", ""http://instagram.com/ukraine.eu.mis""), display_url = c(""facebook.com/UkraineEUMissi"", ""instagram.com/ukraine.eu.mis""), indices = list(start = c(39, 75), end = c(62, 98)), unwound = c(NA, NA)), url = list(url = ""https://t.co/uTc9QdUHAr"", expanded_url = ""http://ukraine-eu.mfa.gov.ua/en"", display_url = ""ukraine-eu.mfa.gov.ua/en"", indices = list(start = 0, end = 23), 
    unwound = NA))"
"23",1271049784170893312,"1271049784170893312","Olga Stefanishyna","StefanishynaO","","Deputy Prime Minister for European and Euro-Atlantic integration of Ukraine, a mother and a dreamer","https://t.co/eGpBUaq4wO",FALSE,18198,127,533,2020-06-11 06:01:08,642,TRUE,1035,"https://pbs.twimg.com/profile_images/1454873511097507842/OtVU8WSP_normal.jpg","https://pbs.twimg.com/profile_banners/1271049784170893312/1661322414",TRUE,FALSE,"list()",NA,NA,"list(description = list(url = NA, expanded_url = NA, display_url = NA, indices = list(NA), unwound = list(NA)), url = list(url = ""https://t.co/eGpBUaq4wO"", expanded_url = ""https://www.kmu.gov.ua/"", display_url = ""kmu.gov.ua"", indices = list(start = 0, end = 23), unwound = NA))"
"24",3995036555,"3995036555","Promote Ukraine","PromoteUkraine","Belgium","Ukraine is Europe! Follow us for analysis and info on Ukraine and Eastern Europe #StandWithUkraine","https://t.co/gJuB5Yx4vQ",FALSE,18423,1026,207,2015-10-19 08:24:44,16206,TRUE,11841,"https://pbs.twimg.com/profile_images/1268121736572293121/ms-BGlus_normal.jpg","https://pbs.twimg.com/profile_banners/3995036555/1659262059",TRUE,FALSE,"list()",NA,NA,"list(description = list(url = NA, expanded_url = NA, display_url = NA, indices = list(NA), unwound = list(NA)), url = list(url = ""https://t.co/gJuB5Yx4vQ"", expanded_url = ""https://www.promoteukraine.org"", display_url = ""promoteukraine.org"", indices = list(start = 0, end = 23), unwound = NA))"
"25",2545379226,"2545379226","UKR Embassy in GRC","UKRinGRC","Ukrainian Embassy in Greece","–ü–æ—Å–æ–ª—å—Å—Ç–≤–æ –£–∫—Ä–∞—ó–Ω–∏ –≤ –ì—Ä–µ—Ü—å–∫—ñ–π –†–µ—Å–ø—É–±–ª—ñ—Ü—ñ/Embassy of Ukraine to the Hellenic Republic/Œ†œÅŒµœÉŒ≤ŒµŒπŒ± œÑŒ∑œÇ ŒüœÖŒ∫œÅŒ±ŒΩŒπŒ±œÇ œÉœÑŒ∑ŒΩ ŒïŒªŒªŒ∑ŒΩŒπŒ∫Œ∑ ŒîŒ∑ŒºŒøŒ∫œÅŒ±œÑŒπŒ±","https://t.co/LWuP2WrRjE",FALSE,2043,254,87,2014-06-04 00:32:05,100,TRUE,3195,"https://pbs.twimg.com/profile_images/1562332984522465280/o0FtBNoD_normal.jpg","https://pbs.twimg.com/profile_banners/2545379226/1662888850",FALSE,FALSE,"list()",NA,NA,"list(description = list(url = NA, expanded_url = NA, display_url = NA, indices = list(NA), unwound = list(NA)), url = list(url = ""https://t.co/LWuP2WrRjE"", expanded_url = ""http://www.greece.mfa.gov.ua"", display_url = ""greece.mfa.gov.ua"", indices = list(start = 0, end = 23), unwound = NA))"
"26",868620044,"868620044","UKR Embassy in ROU","UKRinROU","Bucharest","–ü–æ—Å–æ–ª—å—Å—Ç–≤–æ –£–∫—Ä–∞—ó–Ω–∏ –≤ –†—É–º—É–Ω—ñ—ó. Embassy of Ukraine in Romania. Ambasada Ucrainei in Romania.","https://t.co/w9KanucRol",FALSE,3141,704,68,2012-10-08 14:15:59,1771,TRUE,12706,"https://pbs.twimg.com/profile_images/1562321721713205248/K48RNJ5D_normal.jpg","https://pbs.twimg.com/profile_banners/868620044/1662994857",FALSE,FALSE,"list()",NA,NA,"list(description = list(url = NA, expanded_url = NA, display_url = NA, indices = list(NA), unwound = list(NA)), url = list(url = ""https://t.co/w9KanucRol"", expanded_url = ""http://romania.mfa.gov.ua/ua"", display_url = ""romania.mfa.gov.ua/ua"", indices = list(start = 0, end = 23), unwound = NA))"
"27",2250527390,"2250527390","EU Border Assistance","EUBAM_MD_UA","Ukraine, Moldova","EU Border Assistance Mission to Moldova and Ukraine. RTs are for information and do not necessarily indicate endorsement.","https://t.co/X2kwltEFH6",FALSE,2559,201,184,2013-12-17 07:55:35,118,TRUE,972,"https://pbs.twimg.com/profile_images/412969979068166144/xwHy6x6r_normal.jpeg","https://pbs.twimg.com/profile_banners/2250527390/1664535624",FALSE,FALSE,"list()",NA,NA,"list(description = list(url = NA, expanded_url = NA, display_url = NA, indices = list(NA), unwound = list(NA)), url = list(url = ""https://t.co/X2kwltEFH6"", expanded_url = ""http://eubam.org"", display_url = ""eubam.org"", indices = list(start = 0, end = 23), unwound = NA))"
"28",2392201764,"2392201764","Sergiy Kyslytsya","SergiyKyslytsya","New York, NY","Permanent Representative of Ukraine @UKRinUN Views are personal and aren't government's position unless it's clearly & explicitly indicated –†–µ—Ç–≤—ñ—Ç–∏ ‚â† —Å—Ö–≤–∞–ª–µ–Ω–Ω—è","https://t.co/z8WnUcEajf",FALSE,100036,1900,846,2014-03-16 00:24:55,7575,TRUE,13710,"https://pbs.twimg.com/profile_images/1229289787049246720/nEIK2wGq_normal.jpg","https://pbs.twimg.com/profile_banners/2392201764/1419861879",TRUE,FALSE,"list()",NA,NA,"list(description = list(url = NA, expanded_url = NA, display_url = NA, indices = list(NA), unwound = list(NA)), url = list(url = ""https://t.co/z8WnUcEajf"", expanded_url = ""http://ukraineun.org"", display_url = ""ukraineun.org"", indices = list(start = 0, end = 23), unwound = NA))"
"29",758653375,"758653375","Ole Egberg Mikkelsen","DKAMBinUkraine","Kyiv, Ukraine","Envoy of the Kingdom of Denmark to #Ukraine. RTs and likes are not endorsements","https://t.co/oLyHJAxM3q",FALSE,3405,810,94,2012-08-14 23:31:35,3195,TRUE,1980,"https://pbs.twimg.com/profile_images/1567818308765769729/X9VrferI_normal.jpg","https://pbs.twimg.com/profile_banners/758653375/1484126488",TRUE,FALSE,"list()",NA,NA,"list(description = list(url = NA, expanded_url = NA, display_url = NA, indices = list(NA), unwound = list(NA)), url = list(url = ""https://t.co/oLyHJAxM3q"", expanded_url = ""http://ukraine.um.dk"", display_url = ""ukraine.um.dk"", indices = list(start = 0, end = 23), unwound = NA))"
"30",537057026,"537057026","PLinUkraine","PLinUkraine","","The Embassy of the Republic of Poland in Kyiv / –ü–æ—Å–æ–ª—å—Å—Ç–≤–æ –†–µ—Å–ø—É–±–ª—ñ–∫–∏ –ü–æ–ª—å—â–∞ —É –ö–∏—î–≤—ñ","https://t.co/WcNsy7zr3d",FALSE,9715,374,191,2012-03-26 03:01:02,2385,TRUE,7946,"https://pbs.twimg.com/profile_images/1001817087608786945/IgoK7G2j_normal.jpg","https://pbs.twimg.com/profile_banners/537057026/1661367338",FALSE,FALSE,"list()",NA,NA,"list(description = list(url = NA, expanded_url = NA, display_url = NA, indices = list(NA), unwound = list(NA)), url = list(url = ""https://t.co/WcNsy7zr3d"", expanded_url = ""https://www.gov.pl/web/ukraina"", display_url = ""gov.pl/web/ukraina"", indices = list(start = 0, end = 23), unwound = NA))"
"31",1124771667753017344,"1124771667753017344","Fridays For Future Ukraine üá∫üá¶","fff_ukraine","Ukraine","We are students, youth from Ukraine who act with the global @fridays4future to confront the #ClimateCrisis

–ö–æ—Ä–æ—á–µ –º–∏ —Å—Ç—Ä–∞–π–∫—É—î–º–æ, –¥–æ–ª—É—á–∞–π—Ç–µ—Å—è - #–£–∫—Ä–¢–≤—ñ","https://t.co/kfWyWxFkMt",FALSE,4143,661,63,2019-05-04 14:23:57,1520,TRUE,542,"https://pbs.twimg.com/profile_images/1494401644368388101/cOJT4VZ3_normal.jpg","https://pbs.twimg.com/profile_banners/1124771667753017344/1655929398",FALSE,FALSE,"list()",NA,NA,"list(description = list(url = NA, expanded_url = NA, display_url = NA, indices = list(NA), unwound = list(NA)), url = list(url = ""https://t.co/kfWyWxFkMt"", expanded_url = ""http://fff-arz.org/donate"", display_url = ""fff-arz.org/donate"", indices = list(start = 0, end = 23), unwound = NA))"
"32",3142848769,"3142848769","Ukraine's Embassy in Australia","UKRinAUS","–º. –ö–∞–Ω–±–µ—Ä—Ä–∞","Embassy of Ukraine in Australia / –ü–æ—Å–æ–ª—å—Å—Ç–≤–æ –£–∫—Ä–∞—ó–Ω–∏ –≤ –ê–≤—Å—Ç—Ä–∞–ª—ñ—ó","https://t.co/WeRfnJ2cr9",FALSE,3018,115,79,2015-04-06 20:28:14,489,TRUE,1599,"https://pbs.twimg.com/profile_images/1562416043213062144/jWz63226_normal.jpg","https://pbs.twimg.com/profile_banners/3142848769/1664368822",FALSE,FALSE,"list()",NA,NA,"list(description = list(url = NA, expanded_url = NA, display_url = NA, indices = list(NA), unwound = list(NA)), url = list(url = ""https://t.co/WeRfnJ2cr9"", expanded_url = ""http://australia.mfa.gov.ua/ua"", display_url = ""australia.mfa.gov.ua/ua"", indices = list(start = 0, end = 23), unwound = NA))"
"33",2545751881,"2545751881","Ukraine in Slovenia","UKRinSLO","Mivka 27, 1000 Ljubljana ","Embassy of Ukraine in the Republic of Slovenia / –ü–æ—Å–æ–ª—å—Å—Ç–≤–æ –£–∫—Ä–∞—ó–Ω–∏ –≤ –†–µ—Å–ø—É–±–ª—ñ—Ü—ñ –°–ª–æ–≤–µ–Ω—ñ—è","https://t.co/PHVsgXOnUY",FALSE,2979,302,99,2014-06-04 04:32:50,1774,TRUE,9658,"https://pbs.twimg.com/profile_images/1474328435413684226/ejvKTdeu_normal.png","https://pbs.twimg.com/profile_banners/2545751881/1663258599",TRUE,FALSE,"list()",NA,NA,"list(description = list(url = NA, expanded_url = NA, display_url = NA, indices = list(NA), unwound = list(NA)), url = list(url = ""https://t.co/PHVsgXOnUY"", expanded_url = ""https://slovenia.mfa.gov.ua"", display_url = ""slovenia.mfa.gov.ua"", indices = list(start = 0, end = 23), unwound = NA))"
"34",2543569687,"2543569687","UKR Consulate NY","UKRinNewYork","240 E 49St, New York, NY 10017","Consulate General of Ukraine in New York / –ì–µ–Ω–µ—Ä–∞–ª—å–Ω–µ –∫–æ–Ω—Å—É–ª—å—Å—Ç–≤–æ –£–∫—Ä–∞—ó–Ω–∏ –≤ –ù—å—é-–ô–æ—Ä–∫—É","https://t.co/AriL8batA7",FALSE,1824,156,59,2014-06-03 07:46:37,1650,TRUE,9751,"https://pbs.twimg.com/profile_images/1564274513050746883/7UjS4gKy_normal.jpg","https://pbs.twimg.com/profile_banners/2543569687/1663101695",FALSE,FALSE,"list()",NA,NA,"list(description = list(url = NA, expanded_url = NA, display_url = NA, indices = list(NA), unwound = list(NA)), url = list(url = ""https://t.co/AriL8batA7"", expanded_url = ""http://ny.mfa.gov.ua"", display_url = ""ny.mfa.gov.ua"", indices = list(start = 0, end = 23), unwound = NA))"
"35",1505100747393880064,"1505100747393880074","Ukrainian Air Force","KpsZSU","–≤—É–ª. –°—Ç—Ä—ñ–ª–µ—Ü—å–∫–∞, 105 Vinnytsia","Official account of Air Force of the Armed Forces of Ukraine.

https://t.co/xt554Asy0U
https://t.co/P1jezJ4iNi
https://t.co/aJ3RICe1QC","https://t.co/o6ALDjG6Xg",FALSE,88430,160,1065,2022-03-19 02:36:19,167,TRUE,281,"https://pbs.twimg.com/profile_images/1556182065061707776/fdUKejc1_normal.jpg","https://pbs.twimg.com/profile_banners/1505100747393880074/1659857692",TRUE,FALSE,"list()",NA,NA,"list(description = list(url = c(""https://t.co/xt554Asy0U"", ""https://t.co/P1jezJ4iNi"", ""https://t.co/aJ3RICe1QC""), expanded_url = c(""http://facebook.com/kpszsu"", ""http://t.me/kpszsu"", ""https://www.instagram.com/air.force.ua.official/""), display_url = c(""facebook.com/kpszsu"", ""t.me/kpszsu"", ""instagram.com/air.force.ua.o‚Ä¶""), indices = list(start = c(63, 87, 111), end = c(86, 110, 134)), unwound = c(NA, NA, NA)), url = list(url = ""https://t.co/o6ALDjG6Xg"", expanded_url = ""https://www.facebook.com/kpszsu"", 
    display_url = ""facebook.com/kpszsu"", indices = list(start = 0, end = 23), unwound = NA))"
"36",3131235477,"3131235477","UKR Embassy in UZ","EMBUkraine","–¢–∞—à–∫–µ–Ω—Ç, –†–µ—Å–ø—É–±–ª—ñ–∫–∞ –£–∑–±–µ–∫–∏—Å—Ç–∞–Ω","–ü–æ—Å–æ–ª—å—Å—Ç–≤–æ –£–∫—Ä–∞—ó–Ω–∏ –≤ –†–µ—Å–ø—É–±–ª—ñ—Ü—ñ –£–∑–±–µ–∫–∏—Å—Ç–∞–Ω / The Embassy of Ukraine in the Republic of Uzbekistan","https://t.co/fSI0ffCPiH",FALSE,1918,335,38,2015-04-02 04:58:58,1028,TRUE,3214,"https://pbs.twimg.com/profile_images/1290252423374819328/P9AhLYlg_normal.png","https://pbs.twimg.com/profile_banners/3131235477/1645698185",FALSE,FALSE,"list()",NA,NA,"list(description = list(url = NA, expanded_url = NA, display_url = NA, indices = list(NA), unwound = list(NA)), url = list(url = ""https://t.co/fSI0ffCPiH"", expanded_url = ""http://uzbekistan.mfa.gov.ua"", display_url = ""uzbekistan.mfa.gov.ua"", indices = list(start = 0, end = 23), unwound = NA))"
"37",1495480590572961792,"1495480590572961792","üá∫üá¶ Ukraine Weapons Tracker","UAWeapons","üçÇ UAWeapons@protonmail.com","üá∑üá∫/üá¨üáß Debunking & Tracking Usage/Capture of Materiel in Ukraine. A @CalibreObscura & @ArmoryBazaar project. For commercial inquiries, please email.",NA,FALSE,712965,21,9130,2022-02-20 12:29:22,397,FALSE,4896,"https://pbs.twimg.com/profile_images/1497287636448382978/wAo98Sgw_normal.jpg","https://pbs.twimg.com/profile_banners/1495480590572961792/1645641466",TRUE,FALSE,"list()",NA,NA,"list(description = list(url = NA, expanded_url = NA, display_url = NA, indices = list(NA), unwound = list(NA)), url = list(url = NA, expanded_url = NA, display_url = NA, indices = list(NA), unwound = list(NA)))"
"38",1200438642,"1200438642","Sweden in Ukraine","SwedeninUA","Kyiv","Official Twitter account of the Embassy of Sweden in Kyiv. RT: ‚â† Endorsement.","https://t.co/xdqM7UOShO",FALSE,5297,355,126,2013-02-20 03:42:21,975,TRUE,2296,"https://pbs.twimg.com/profile_images/1337307183168561152/C0vOU2Rc_normal.jpg","https://pbs.twimg.com/profile_banners/1200438642/1642685320",TRUE,FALSE,"list()",NA,NA,"list(description = list(url = NA, expanded_url = NA, display_url = NA, indices = list(NA), unwound = list(NA)), url = list(url = ""https://t.co/xdqM7UOShO"", expanded_url = ""http://www.swedenabroad.com/kiev"", display_url = ""swedenabroad.com/kiev"", indices = list(start = 0, end = 23), unwound = NA))"
"39",2494270351,"2494270351","UKRinBEL","UKRinBEL","Brussels","Embassy of Ukraine in the Kingdom of Belgium, Ambassade d'Ukraine aupr√®s du Royaume de Belgique, –ü–æ—Å–æ–ª—å—Å—Ç–≤–æ –£–∫—Ä–∞—ó–Ω–∏ –≤ –ö–æ—Ä–æ–ª—ñ–≤—Å—Ç–≤—ñ –ë–µ–ª—å–≥—ñ—è","https://t.co/RrHBSX9H9a",FALSE,2667,199,84,2014-05-14 08:42:31,568,TRUE,9062,"https://pbs.twimg.com/profile_images/1562514951905894400/d2LYuscr_normal.jpg","https://pbs.twimg.com/profile_banners/2494270351/1663247743",FALSE,FALSE,"list()",NA,NA,"list(description = list(url = NA, expanded_url = NA, display_url = NA, indices = list(NA), unwound = list(NA)), url = list(url = ""https://t.co/RrHBSX9H9a"", expanded_url = ""http://belgium.mfa.gov.ua/en"", display_url = ""belgium.mfa.gov.ua/en"", indices = list(start = 0, end = 23), unwound = NA))"
"40",778884712593035264,"778884712593035265","–ü–æ—Å–æ–ª—å—Å—Ç–≤–æ –ù—ñ–º–µ—á—á–∏–Ω–∏","GermanyinUA","Ukraine","–û—Ñ—ñ—Ü—ñ–π–Ω–∞ —Å—Ç–æ—Ä—ñ–Ω–∫–∞ –ü–æ—Å–æ–ª—å—Å—Ç–≤–∞ üá©üá™ –≤ üá∫üá¶ | –ü–æ—Å–æ–ª üá©üá™ –≤ üá∫üá¶ @AnkaFeldhusen | Instagram: german_embassy_ukraine | 
FB: deutschebotschaftkiew","https://t.co/DMwbYrPytA",FALSE,4842,495,93,2016-09-22 03:12:41,3337,TRUE,3635,"https://pbs.twimg.com/profile_images/1042369791523217408/PHlGxYjo_normal.jpg","https://pbs.twimg.com/profile_banners/778884712593035265/1645023924",TRUE,FALSE,"list()",NA,NA,"list(description = list(url = NA, expanded_url = NA, display_url = NA, indices = list(NA), unwound = list(NA)), url = list(url = ""https://t.co/DMwbYrPytA"", expanded_url = ""http://www.kiew.diplo.de/impressum"", display_url = ""kiew.diplo.de/impressum"", indices = list(start = 0, end = 23), unwound = NA))"
"41",1483388011371016192,"1483388011371016195","The New Voice of Ukraine","NewVoiceUkraine","","The New Voice of Ukraine is Ukraine‚Äôs premier independent English-language news resource. On FB at https://t.co/xxKztntehD","https://t.co/iRDteos8vf",FALSE,212918,16,3620,2022-01-18 03:40:32,22,TRUE,4425,"https://pbs.twimg.com/profile_images/1488464018415263746/gfPf-SDz_normal.png","https://pbs.twimg.com/profile_banners/1483388011371016195/1656927451",TRUE,FALSE,"list()",NA,NA,"list(description = list(url = ""https://t.co/xxKztntehD"", expanded_url = ""https://www.facebook.com/TheNewVoiceUkraine"", display_url = ""facebook.com/TheNewVoiceUkr‚Ä¶"", indices = list(start = 99, end = 122), unwound = NA), url = list(url = ""https://t.co/iRDteos8vf"", expanded_url = ""http://english.nv.ua"", display_url = ""english.nv.ua"", indices = list(start = 0, end = 23), unwound = NA))"
"42",2468963329,"2468963329","UKR Embassy in Egypt","UKRinEGY","Egypt, Cairo","Embassy of Ukraine in the Arab Republic of Egypt
–ü–æ—Å–æ–ª—å—Å—Ç–≤–æ –£–∫—Ä–∞—ó–Ω–∏ –≤ –ê—Ä–∞–±—Å—å–∫—ñ–π –†–µ—Å–ø—É–±–ª—ñ—Ü—ñ –Ñ–≥–∏–ø–µ—Ç
ÿ≥ŸÅÿßÿ±ÿ© ÿ£ŸàŸÉÿ±ÿßŸÜŸäÿß ŸÅŸä ÿ¨ŸÖŸáŸàÿ±Ÿäÿ© ŸÖÿµÿ± ÿßŸÑÿπÿ±ÿ®Ÿäÿ©","https://t.co/FLRrjRlrm6",FALSE,4216,271,68,2014-04-29 02:13:29,348,TRUE,2157,"https://pbs.twimg.com/profile_images/1562334201436831744/qm7A7UC5_normal.jpg","https://pbs.twimg.com/profile_banners/2468963329/1663687459",FALSE,FALSE,"list()",NA,NA,"list(description = list(url = NA, expanded_url = NA, display_url = NA, indices = list(NA), unwound = list(NA)), url = list(url = ""https://t.co/FLRrjRlrm6"", expanded_url = ""http://egypt.mfa.gov.ua"", display_url = ""egypt.mfa.gov.ua"", indices = list(start = 0, end = 23), unwound = NA))"
"43",764444310,"764444310","UKR Embassy in USA","UKRintheUSA","3350 M St., NW, Washington DC","Ukrainian Embassy in Washington, DC | –ü–æ—Å–æ–ª—å—Å—Ç–≤–æ –£–∫—Ä–∞—ó–Ω–∏ —É –í–∞—à–∏–Ω–≥—Ç–æ–Ω—ñ | Ambassador of Ukraine to the U.S. - @OMarkarova","https://t.co/4HIsMdi16x",FALSE,23678,644,775,2012-08-17 15:06:01,1042,TRUE,16937,"https://pbs.twimg.com/profile_images/1562398824114561025/UOexh6_R_normal.jpg","https://pbs.twimg.com/profile_banners/764444310/1664490078",FALSE,FALSE,"list()",NA,NA,"list(description = list(url = NA, expanded_url = NA, display_url = NA, indices = list(NA), unwound = list(NA)), url = list(url = ""https://t.co/4HIsMdi16x"", expanded_url = ""http://usa.mfa.gov.ua/en"", display_url = ""usa.mfa.gov.ua/en"", indices = list(start = 0, end = 23), unwound = NA))"
"44",2969466963,"2969466963","UKR Embassy in LVA","UKRinLatvia","Riga, Latvia","The Embassy of Ukraine in the Republic of Latvia/ –ü–æ—Å–æ–ª—å—Å—Ç–≤–æ –£–∫—Ä–∞—ó–Ω–∏ –≤ –õ–∞—Ç–≤—ñ–π—Å—å–∫—ñ–π –†–µ—Å–ø—É–±–ª—ñ—Ü—ñ/ Ukrainas Vƒìstniecƒ´ba Latvijas RepublikƒÅ","https://t.co/mAjlM3oH9H",FALSE,2692,452,84,2015-01-09 03:35:56,9137,TRUE,15553,"https://pbs.twimg.com/profile_images/1564893779244482560/keod_9iL_normal.jpg","https://pbs.twimg.com/profile_banners/2969466963/1662990148",TRUE,FALSE,"list()",NA,NA,"list(description = list(url = NA, expanded_url = NA, display_url = NA, indices = list(NA), unwound = list(NA)), url = list(url = ""https://t.co/mAjlM3oH9H"", expanded_url = ""http://latvia.mfa.gov.ua"", display_url = ""latvia.mfa.gov.ua"", indices = list(start = 0, end = 23), unwound = NA))"
"45",2535093788,"2535093788","UKR Emb to HOLY SEE","UKRinVAT","via G.Bessarione, 8 00165 Roma","–ü–æ—Å–æ–ª—å—Å—Ç–≤–æ –£–∫—Ä–∞—ó–Ω–∏ –ø—Ä–∏ –°–≤—è—Ç–æ–º—É –ü—Ä–µ—Å—Ç–æ–ª—ñ (–í–∞—Ç–∏–∫–∞–Ω) / Embassy of Ukraine to the Holy See (Vatican) / Ambasciata d'Ucraina presso la Santa Sede","https://t.co/ha97hjUF0s",FALSE,2846,605,90,2014-05-30 07:33:54,881,TRUE,16341,"https://pbs.twimg.com/profile_images/1540770344222396416/uOVnBRO0_normal.jpg","https://pbs.twimg.com/profile_banners/2535093788/1662884698",FALSE,FALSE,"list()",NA,NA,"list(description = list(url = NA, expanded_url = NA, display_url = NA, indices = list(NA), unwound = list(NA)), url = list(url = ""https://t.co/ha97hjUF0s"", expanded_url = ""http://vatican.mfa.gov.ua"", display_url = ""vatican.mfa.gov.ua"", indices = list(start = 0, end = 23), unwound = NA))"
"46",873135988440223744,"873135988440223745","UkraineWorld","ukraine_world","Ukraine","Ukraine in English: news, analysis, podcasts, videos. Run by @InternewsUA. Support us: https://t.co/urry5n8aCn","https://t.co/hHr9jUVCzP",FALSE,233419,1153,3957,2017-06-09 05:13:36,3395,TRUE,16603,"https://pbs.twimg.com/profile_images/1395637638594547714/Gsjn9OAS_normal.jpg","https://pbs.twimg.com/profile_banners/873135988440223745/1656020597",FALSE,FALSE,"list()",NA,NA,"list(description = list(url = ""https://t.co/urry5n8aCn"", expanded_url = ""http://patreon.com/ukraineworld"", display_url = ""patreon.com/ukraineworld"", indices = list(start = 87, end = 110), unwound = NA), url = list(url = ""https://t.co/hHr9jUVCzP"", expanded_url = ""http://ukraineworld.org"", display_url = ""ukraineworld.org"", indices = list(start = 0, end = 23), unwound = NA))"
"47",2466334952,"2466334952","OSCE SMM Ukraine","OSCE_SMM","Kyiv","#OSCE Special Monitoring Mission to #Ukraine | C–ø–µ—Ü—ñ–∞–ª—å–Ω–∞ –º–æ–Ω—ñ—Ç–æ—Ä–∏–Ω–≥–æ–≤–∞ –º—ñ—Å—ñ—è #–û–ë–°–Ñ –≤ –£–∫—Ä–∞—ó–Ω—ñ | –°–ø–µ—Ü–∏–∞–ª—å–Ω–∞—è –º–æ–Ω–∏—Ç–æ—Ä–∏–Ω–≥–æ–≤–∞—è –º–∏—Å—Å–∏—è #–û–ë–°–ï –≤ –£–∫—Ä–∞–∏–Ω–µ","https://t.co/4WZJFZ0De7",FALSE,42316,986,1102,2014-04-27 10:36:43,332,FALSE,8358,"https://pbs.twimg.com/profile_images/868042196204867586/FfFEgRLi_normal.jpg","https://pbs.twimg.com/profile_banners/2466334952/1497528538",TRUE,FALSE,"list()",NA,NA,"list(description = list(url = NA, expanded_url = NA, display_url = NA, indices = list(NA), unwound = list(NA)), url = list(url = ""https://t.co/4WZJFZ0De7"", expanded_url = ""http://www.osce.org/ukraine-smm"", display_url = ""osce.org/ukraine-smm"", indices = list(start = 0, end = 23), unwound = NA))"
"48",905091067049017344,"905091067049017345","(Archived) U.S. Special Representative for Ukraine","SpecRepUkraine","Washington, DC","Archived Account for the U.S. Special Representative for Ukraine Negotiations: Leading U.S. efforts to achieve lasting peace in Ukraine","https://t.co/2kfqAWPfwx",FALSE,21694,398,360,2017-09-05 09:31:40,0,TRUE,2245,"https://pbs.twimg.com/profile_images/1475865763231813635/TEP4h3kl_normal.jpg","https://pbs.twimg.com/profile_banners/905091067049017345/1640708793",TRUE,FALSE,"list()",NA,NA,"list(description = list(url = NA, expanded_url = NA, display_url = NA, indices = list(NA), unwound = list(NA)), url = list(url = ""https://t.co/2kfqAWPfwx"", expanded_url = ""https://www.state.gov/r/pa/ei/biog/273943.htm"", display_url = ""state.gov/r/pa/ei/biog/2‚Ä¶"", indices = list(start = 0, end = 23), unwound = NA))"
"49",311899155,"311899155","U.S. Embassy Kyiv","USEmbassyKyiv","Kyiv, Ukraine","The official account of the Embassy of the United States of America in Kyiv. For a first-hand view of the Embassy‚Äôs work, follow @USAmbKyiv.","https://t.co/qpYDSDE1AZ",FALSE,229310,402,3418,2011-06-06 01:44:22,3785,TRUE,15841,"https://pbs.twimg.com/profile_images/1165895902717980672/LzMvlCno_normal.jpg","https://pbs.twimg.com/profile_banners/311899155/1650023136",TRUE,FALSE,"list()",NA,NA,"list(description = list(url = NA, expanded_url = NA, display_url = NA, indices = list(NA), unwound = list(NA)), url = list(url = ""https://t.co/qpYDSDE1AZ"", expanded_url = ""https://ua.usembassy.gov/u-s-citizen-services/security-and-travel-information/"", display_url = ""ua.usembassy.gov/u-s-citizen-se‚Ä¶"", indices = list(start = 0, end = 23), unwound = NA))"
"50",2498951131,"2498951131","UKR Embassy in NLD","UKRinNLD","Netherlands","Embassy of Ukraine in the Kingdom of the Netherlands/–ü–æ—Å–æ–ª—å—Å—Ç–≤–æ –£–∫—Ä–∞—ó–Ω–∏ –≤ –ö–æ—Ä–æ–ª—ñ–≤—Å—Ç–≤—ñ –ù—ñ–¥–µ—Ä–ª–∞–Ω–¥–∏","https://t.co/aK2NRFZrcl",FALSE,2446,415,106,2014-05-16 07:45:29,184,TRUE,3910,"https://pbs.twimg.com/profile_images/1572641140423139331/rp7uB6ge_normal.jpg","https://pbs.twimg.com/profile_banners/2498951131/1662885346",FALSE,FALSE,"list()",NA,NA,"list(description = list(url = NA, expanded_url = NA, display_url = NA, indices = list(NA), unwound = list(NA)), url = list(url = ""https://t.co/aK2NRFZrcl"", expanded_url = ""http://netherlands.mfa.gov.ua/en"", display_url = ""netherlands.mfa.gov.ua/en"", indices = list(start = 0, end = 23), unwound = NA))"
"51",1488576563704647680,"1488576563704647686","Ukraine Conflict Live 2022","UkraineLive2022","","@MannyMarotta was in Ukraine covering the refugee crisis on Z-Day, and filmed in Ukraine in wartime. Now covering DPs and humanitarian efforts from the US.",NA,FALSE,81886,141,676,2022-02-01 11:15:38,384,FALSE,1167,"https://pbs.twimg.com/profile_images/1529398429914374147/b2_D3cuZ_normal.jpg","https://pbs.twimg.com/profile_banners/1488576563704647686/1655877294",TRUE,FALSE,"list()",NA,NA,"list(description = list(url = NA, expanded_url = NA, display_url = NA, indices = list(NA), unwound = list(NA)), url = list(url = NA, expanded_url = NA, display_url = NA, indices = list(NA), unwound = list(NA)))"
"52",810774642583597056,"810774642583597056","Bruce Edwards üá¶üá∫üá∫üá¶üá≤üá©","AUinUA","Ukraine","Australian Ambassador to Ukraine (and Moldova) | Facebook @AUinUA | Consular Assistance +61 2 6261 3305 / 1300 555 135 (in Aust) üá¶üá∫ üá∫üá¶ üá≤üá©","https://t.co/NFRTAgv8FJ",FALSE,3712,662,95,2016-12-19 02:11:53,1448,TRUE,4518,"https://pbs.twimg.com/profile_images/1575467381186609158/-ldm8iNC_normal.jpg","https://pbs.twimg.com/profile_banners/810774642583597056/1664455670",FALSE,FALSE,"list()",NA,NA,"list(description = list(url = NA, expanded_url = NA, display_url = NA, indices = list(NA), unwound = list(NA)), url = list(url = ""https://t.co/NFRTAgv8FJ"", expanded_url = ""http://ukraine.embassy.gov.au/"", display_url = ""ukraine.embassy.gov.au"", indices = list(start = 0, end = 23), unwound = NA))"
"53",2915157396,"2915157396","UKR Embassy in MAS","UKRinMAS","Kuala Lumpur, Malaysia","Kedutaan Besar Ukraine Di Malaysia / Embassy of Ukraine in Malaysia / –ü–æ—Å–æ–ª—å—Å—Ç–≤–æ –£–∫—Ä–∞—ó–Ω–∏ –≤ –ú–∞–ª–∞–π–∑—ñ—ó","https://t.co/uvoZhgKcQ2",FALSE,2487,514,50,2014-11-30 19:28:08,964,TRUE,6323,"https://pbs.twimg.com/profile_images/733889633239457794/wAOsiqlm_normal.jpg","https://pbs.twimg.com/profile_banners/2915157396/1663661636",FALSE,FALSE,"list()",NA,NA,"list(description = list(url = NA, expanded_url = NA, display_url = NA, indices = list(NA), unwound = list(NA)), url = list(url = ""https://t.co/uvoZhgKcQ2"", expanded_url = ""http://malaysia.mfa.gov.ua/en"", display_url = ""malaysia.mfa.gov.ua/en"", indices = list(start = 0, end = 23), unwound = NA))"
"54",2385806143,"2385806143","VoxUkraine","voxukraine","","Best Minds. Ukraine Analysis.","https://t.co/jJ7ApD54S4",FALSE,13059,932,388,2014-03-12 14:50:04,550,TRUE,5978,"https://pbs.twimg.com/profile_images/1386637186460790784/QSvv-wHs_normal.jpg","https://pbs.twimg.com/profile_banners/2385806143/1645977054",FALSE,FALSE,"list()",NA,NA,"list(description = list(url = NA, expanded_url = NA, display_url = NA, indices = list(NA), unwound = list(NA)), url = list(url = ""https://t.co/jJ7ApD54S4"", expanded_url = ""http://voxukraine.org/"", display_url = ""voxukraine.org"", indices = list(start = 0, end = 23), unwound = NA))"
"55",156898278,"156898278","UN Ukraine","UN_Ukraine","Kiev, Ukraine","United Nations Ukraine/–û–û–ù –≤ –£–∫—Ä–∞—ó–Ω—ñ","https://t.co/oBVVZMg4Pu",FALSE,18474,777,641,2010-06-18 01:04:35,4409,TRUE,5640,"https://pbs.twimg.com/profile_images/1099772993675378688/A9xh7S9d_normal.png","https://pbs.twimg.com/profile_banners/156898278/1651151110",FALSE,FALSE,"list()",NA,NA,"list(description = list(url = NA, expanded_url = NA, display_url = NA, indices = list(NA), unwound = list(NA)), url = list(url = ""https://t.co/oBVVZMg4Pu"", expanded_url = ""https://ukraine.un.org/en"", display_url = ""ukraine.un.org/en"", indices = list(start = 0, end = 23), unwound = NA))"
"56",2459609448,"2459609448","Canada #StandWithUkraineüá∫üá¶","Canada","Canada","Showcasing Canada to the world - fran√ßais: @AuCanada - https://t.co/hKNrf2Ameu
#StandWithUkraineüá∫üá¶",NA,FALSE,1113271,764,2450,2014-04-23 05:48:57,3257,TRUE,8611,"https://pbs.twimg.com/profile_images/537625264277028864/14jJPXpX_normal.png","https://pbs.twimg.com/profile_banners/2459609448/1664628769",FALSE,FALSE,"list()",NA,NA,"list(description = list(url = ""https://t.co/hKNrf2Ameu"", expanded_url = ""http://international.gc.ca/socialmedia"", display_url = ""international.gc.ca/socialmedia"", indices = list(start = 55, end = 78), unwound = NA), url = list(url = NA, expanded_url = NA, display_url = NA, indices = list(NA), unwound = list(NA)))"
"57",2786311606,"2786311606","Lip Sync Battle","lsb","","Hosted by @LLCoolJ on @ParamountNet and the #ParamountNetwork App. #LipSyncBattle","https://t.co/wxcWaSsmXm",FALSE,164774,867,322,2014-09-26 14:54:22,16107,TRUE,12162,"https://pbs.twimg.com/profile_images/971967697616384000/UXS1uL0U_normal.jpg","https://pbs.twimg.com/profile_banners/2786311606/1553803355",FALSE,FALSE,"list()",NA,NA,"list(description = list(url = NA, expanded_url = NA, display_url = NA, indices = list(NA), unwound = list(NA)), url = list(url = ""https://t.co/wxcWaSsmXm"", expanded_url = ""http://lipsyncbattle.paramountnetwork.com"", display_url = ""lipsyncbattle.paramountnetwork.com"", indices = list(start = 0, end = 23), unwound = NA))"
"58",2915583971,"2915583971","UKR Embassy in SEN","UKRinSEN","Dakar, Senegal","Ambassade d'Ukraine en R√©publique du S√©n√©gal; Embassy of Ukraine in the Republic of Senegal; –ü–æ—Å–æ–ª—å—Å—Ç–≤–æ –£–∫—Ä–∞—ó–Ω–∏ –≤ –†–µ—Å–ø—É–±–ª—ñ—Ü—ñ –°–µ–Ω–µ–≥–∞–ª","https://t.co/QeVMtSRCmW",FALSE,2760,185,52,2014-12-11 07:35:24,3148,TRUE,5270,"https://pbs.twimg.com/profile_images/1288815646352998402/D520Ofit_normal.png","https://pbs.twimg.com/profile_banners/2915583971/1663000706",TRUE,FALSE,"list()",NA,NA,"list(description = list(url = NA, expanded_url = NA, display_url = NA, indices = list(NA), unwound = list(NA)), url = list(url = ""https://t.co/QeVMtSRCmW"", expanded_url = ""http://senegal.mfa.gov.ua"", display_url = ""senegal.mfa.gov.ua"", indices = list(start = 0, end = 23), unwound = NA))"
"59",1512557049103757312,"1512557049103757318","Ukraine Battle Map","ukraine_map","","Live Ukraine battle map is updated all the time. Showing cities and villages being under Ukraine or Russia control.",NA,FALSE,112067,331,1904,2022-04-08 16:24:46,7607,FALSE,2791,"https://pbs.twimg.com/profile_images/1512557454374096907/Go5AxpoS_normal.jpg","https://pbs.twimg.com/profile_banners/1512557049103757318/1649551817",TRUE,FALSE,"list()",NA,NA,"list(description = list(url = NA, expanded_url = NA, display_url = NA, indices = list(NA), unwound = list(NA)), url = list(url = NA, expanded_url = NA, display_url = NA, indices = list(NA), unwound = list(NA)))"
"60",1497649756881006592,"1497649756881006593","A Dutch Farmer In Ukraine || Kees Huizinga","DutchFarmerInUA","Ukraine","Kees Huizinga.

Tweeting about the War in Ukraine.

Showing you the current situation of a war zone. 

#Ukraine #Ukrania #UkraineRussiaWar #Ukranian","https://t.co/206F8sEGn1",FALSE,15922,12,109,2022-02-26 12:08:58,619,FALSE,407,"https://pbs.twimg.com/profile_images/1497656728724332549/3noeEoNy_normal.jpg","https://pbs.twimg.com/profile_banners/1497649756881006593/1645904225",TRUE,FALSE,"list()",NA,NA,"list(description = list(url = NA, expanded_url = NA, display_url = NA, indices = list(NA), unwound = list(NA)), url = list(url = ""https://t.co/206F8sEGn1"", expanded_url = ""https://dutchfarmerinukraine.nl/"", display_url = ""dutchfarmerinukraine.nl"", indices = list(start = 0, end = 23), unwound = NA))"
"61",2559629779,"2559629779","LTembassyUA","LTembassyUA","","This is the official account of the Lithuanian embassy in Kyiv, Ukraine. The account is managed by the embassy communications team.","https://t.co/DlQMnRGKbb",FALSE,2495,273,51,2014-06-10 13:31:19,4842,TRUE,3776,"https://pbs.twimg.com/profile_images/1088109766344409088/zldu1WuW_normal.jpg","https://pbs.twimg.com/profile_banners/2559629779/1661246669",TRUE,FALSE,"list()",NA,NA,"list(description = list(url = NA, expanded_url = NA, display_url = NA, indices = list(NA), unwound = list(NA)), url = list(url = ""https://t.co/DlQMnRGKbb"", expanded_url = ""https://ua.mfa.lt/"", display_url = ""ua.mfa.lt"", indices = list(start = 0, end = 23), unwound = NA))"
"62",832524310199824384,"832524310199824384","Verkhovna Rada of Ukraine - Ukrainian Parliament","ua_parliament","–£–∫—Ä–∞—ó–Ω–∞","Official account of the Parliament of Ukraine. Read us on Telegram: https://t.co/7rFksZcG9C.
For media inquiries please contact: infuprvru@gmail.com","https://t.co/YDbwyTb3ds",FALSE,65303,1593,1111,2017-02-17 02:37:17,770,TRUE,5787,"https://pbs.twimg.com/profile_images/1527979007366545410/KNAoNJmP_normal.jpg","https://pbs.twimg.com/profile_banners/832524310199824384/1648254614",FALSE,FALSE,"list()",NA,NA,"list(description = list(url = ""https://t.co/7rFksZcG9C"", expanded_url = ""https://t.me/verkhovnaradaofukraine"", display_url = ""t.me/verkhovnaradao‚Ä¶"", indices = list(start = 68, end = 91), unwound = NA), url = list(url = ""https://t.co/YDbwyTb3ds"", expanded_url = ""https://www.rada.gov.ua/en"", display_url = ""rada.gov.ua/en"", indices = list(start = 0, end = 23), unwound = NA))"
"63",1516422177444315136,"1516422177444315145","Forbes Ukraine","forbes_ukr","Ukraine","Official account of Forbes Ukraine","https://t.co/7W5sgeBMzq",FALSE,481,5,11,2022-04-19 08:23:50,23,TRUE,331,"https://pbs.twimg.com/profile_images/1516422628378136583/RVs8ZYyn_normal.jpg","https://pbs.twimg.com/profile_banners/1516422177444315145/1650885665",TRUE,FALSE,"list()",NA,NA,"list(description = list(url = NA, expanded_url = NA, display_url = NA, indices = list(NA), unwound = list(NA)), url = list(url = ""https://t.co/7W5sgeBMzq"", expanded_url = ""https://forbes.ua"", display_url = ""forbes.ua"", indices = list(start = 0, end = 23), unwound = NA))"
"64",2541664184,"2541664184","UKR Embassy in HUN","UKRinHUN","Budapest, Istenhegyi √∫t 84/B","Ukrajna Magyarorsz√°gi Nagyk√∂vets√©g√©nek hivatalos Twitter oldala / Official Twitter account of the Embassy of Ukraine to Hungary","https://t.co/xlpxKwJPQw",FALSE,2308,843,74,2014-06-02 09:08:17,29589,TRUE,7478,"https://pbs.twimg.com/profile_images/1562334842775371776/q1C3rAMh_normal.jpg","https://pbs.twimg.com/profile_banners/2541664184/1661239251",TRUE,FALSE,"list()",NA,NA,"list(description = list(url = NA, expanded_url = NA, display_url = NA, indices = list(NA), unwound = list(NA)), url = list(url = ""https://t.co/xlpxKwJPQw"", expanded_url = ""http://hungary.mfa.gov.ua/hu"", display_url = ""hungary.mfa.gov.ua/hu"", indices = list(start = 0, end = 23), unwound = NA))"
"65",2507468676,"2507468676","UKR Embassy in MDA","UKRinMDA","Vasile Lupu, 17, Chisinau","Ukrainian Embassy in Chisinau","https://t.co/GkwFHbYxIx",FALSE,2064,266,66,2014-05-19 07:48:58,453,TRUE,3299,"https://pbs.twimg.com/profile_images/1562325314776203264/xRZkPX0M_normal.jpg","https://pbs.twimg.com/profile_banners/2507468676/1662885464",FALSE,FALSE,"list()",NA,NA,"list(description = list(url = NA, expanded_url = NA, display_url = NA, indices = list(NA), unwound = list(NA)), url = list(url = ""https://t.co/GkwFHbYxIx"", expanded_url = ""http://moldova.mfa.gov.ua/ua"", display_url = ""moldova.mfa.gov.ua/ua"", indices = list(start = 0, end = 23), unwound = NA))"
"66",14328066,"14328066","Sree Sreenivasan #StandWithUkraine üá∫üá¶","sree","üóΩüåµüèõüé•üáµüá∑","Exec Dir, Cronkite Pro, @Cronkite_ASU ‚Ä¢ cofounder, @digimentors ‚Ä¢ ex-CDO @nycgov @metmuseum @columbia ‚Ä¢ Mr @roopaonline ‚Ä¢ https://t.co/VUV1UzZshy","https://t.co/VO2tpnqPVx",FALSE,84338,10769,4364,2008-04-07 17:49:01,79179,TRUE,56664,"https://pbs.twimg.com/profile_images/1284443988485910532/YUYdmSwq_normal.jpg","https://pbs.twimg.com/profile_banners/14328066/1657240941",FALSE,FALSE,"list()",NA,NA,"list(description = list(url = ""https://t.co/VUV1UzZshy"", expanded_url = ""http://sreenet.substack.com"", display_url = ""sreenet.substack.com"", indices = list(start = 122, end = 145), unwound = NA), url = list(url = ""https://t.co/VO2tpnqPVx"", expanded_url = ""http://bit.ly/sreecronkite"", display_url = ""bit.ly/sreecronkite"", indices = list(start = 0, end = 23), unwound = NA))"
"67",3301937067,"3301937067","Business Ukraine mag","Biz_Ukraine_Mag","Ukraine","Business Ukraine magazine is an independent quarterly English-language journal covering Ukrainian current affairs since 2007","http://t.co/56FWSRiHs6",FALSE,74974,1964,1316,2015-05-28 11:48:36,98103,FALSE,44229,"https://pbs.twimg.com/profile_images/603987267695280128/yiFv6nil_normal.jpg","https://pbs.twimg.com/profile_banners/3301937067/1610830253",FALSE,FALSE,"list()",NA,NA,"list(description = list(url = NA, expanded_url = NA, display_url = NA, indices = list(NA), unwound = list(NA)), url = list(url = ""http://t.co/56FWSRiHs6"", expanded_url = ""http://bunews.com.ua"", display_url = ""bunews.com.ua"", indices = list(start = 0, end = 22), unwound = NA))"
"68",757505909916655616,"757505909916655616","Swiss Embassy Kyiv","SwissUA","Kyiv, Ukraine","Welcome to the Twitter page of the Swiss Embassy to Ukraine. RT doesn‚Äôt mean endorsement.","https://t.co/JZb1lU3iNn",FALSE,4703,580,127,2016-07-25 03:20:57,1333,TRUE,2439,"https://pbs.twimg.com/profile_images/1409862350807707648/GROAsUlS_normal.png","https://pbs.twimg.com/profile_banners/757505909916655616/1660321938",TRUE,FALSE,"list()",NA,NA,"list(description = list(url = NA, expanded_url = NA, display_url = NA, indices = list(NA), unwound = list(NA)), url = list(url = ""https://t.co/JZb1lU3iNn"", expanded_url = ""http://www.eda.admin.ch/kyiv"", display_url = ""eda.admin.ch/kyiv"", indices = list(start = 0, end = 23), unwound = NA))"
"69",2493972402,"2493972402","UKR Embassy in CHE","UKRinCHE","3005 Bern, Feldeggweg 5","Botschaft der Ukraine in der Schweiz       Ukrainian Embassy in Bern               –ü–æ—Å–æ–ª—å—Å—Ç–≤–æ –£–∫—Ä–∞—ó–Ω–∏ —É –ë–µ—Ä–Ω—ñ","https://t.co/OAgAjlTBOQ",FALSE,2807,106,71,2014-05-14 04:10:53,1270,TRUE,14561,"https://pbs.twimg.com/profile_images/1562337797343674368/aT8XBaFI_normal.jpg","https://pbs.twimg.com/profile_banners/2493972402/1663849959",TRUE,FALSE,"list()",NA,NA,"list(description = list(url = NA, expanded_url = NA, display_url = NA, indices = list(NA), unwound = list(NA)), url = list(url = ""https://t.co/OAgAjlTBOQ"", expanded_url = ""http://switzerland.mfa.gov.ua/ua"", display_url = ""switzerland.mfa.gov.ua/ua"", indices = list(start = 0, end = 23), unwound = NA))"
"70",1301807048083079168,"1301807048083079168","Vadym Omelchenko","OmelchenkoVadym","Paris","Ambassadeur d'Ukraine en France/ –ü–æ—Å–æ–ª –£–∫—Ä–∞—ó–Ω–∏ —É –§—Ä–∞–Ω—Ü—ñ—ó","https://t.co/Ac7yUlMfBn",FALSE,2790,93,130,2020-09-04 02:59:40,467,TRUE,355,"https://pbs.twimg.com/profile_images/1301807463516254208/iv3K07vZ_normal.jpg","https://pbs.twimg.com/profile_banners/1301807048083079168/1661351748",TRUE,FALSE,"list()",NA,NA,"list(description = list(url = NA, expanded_url = NA, display_url = NA, indices = list(NA), unwound = list(NA)), url = list(url = ""https://t.co/Ac7yUlMfBn"", expanded_url = ""https://france.mfa.gov.ua/"", display_url = ""france.mfa.gov.ua"", indices = list(start = 0, end = 23), unwound = NA))"
"71",2611801422,"2611801422","NSDC of Ukraine","NSDC_ua","Kyiv, Ukraine","Press Service of the National Security and Defense Council of Ukraine. In Ukrainian: @rnbo_gov_ua. NSDC Secretary: @OleksiyDanilov","https://t.co/6apqq9YQaD",FALSE,24367,227,848,2014-07-08 09:04:36,19,TRUE,9310,"https://pbs.twimg.com/profile_images/487544483815239680/LObGGhF__normal.jpeg","https://pbs.twimg.com/profile_banners/2611801422/1650793822",FALSE,FALSE,"list()",NA,NA,"list(description = list(url = NA, expanded_url = NA, display_url = NA, indices = list(NA), unwound = list(NA)), url = list(url = ""https://t.co/6apqq9YQaD"", expanded_url = ""http://www.rnbo.gov.ua/en/"", display_url = ""rnbo.gov.ua/en/"", indices = list(start = 0, end = 23), unwound = NA))"
"72",948213797805809664,"948213797805809666","–ú—ñ–Ω—Ü–∏—Ñ—Ä–∞","mintsyfra","Ukraine","–¶–∏—Ñ—Ä–æ–≤—ñ–∑—É—î–º–æüá∫üá¶

Official page of the Ministry of Digital Transformation of Ukraine","https://t.co/FzY7b4qZSN",FALSE,10686,136,123,2018-01-02 08:26:01,104,TRUE,1098,"https://pbs.twimg.com/profile_images/1188708966181810176/gA06HmKd_normal.jpg","https://pbs.twimg.com/profile_banners/948213797805809666/1650778432",TRUE,FALSE,"list()",NA,NA,"list(description = list(url = NA, expanded_url = NA, display_url = NA, indices = list(NA), unwound = list(NA)), url = list(url = ""https://t.co/FzY7b4qZSN"", expanded_url = ""https://thedigital.gov.ua"", display_url = ""thedigital.gov.ua"", indices = list(start = 0, end = 23), unwound = NA))"
"73",2611352869,"2611352869","UKR Embassy to Ireland","UKRinIRL","Dublin City, Ireland","Ukrainian Embassy in Dublin I –ü–æ—Å–æ–ª—å—Å—Ç–≤–æ –£–∫—Ä–∞—ó–Ω–∏ —É –î—É–±–ª—ñ–Ω—ñ I","https://t.co/OHbSmPxxTi",FALSE,5089,264,63,2014-07-08 03:05:16,1904,TRUE,1695,"https://pbs.twimg.com/profile_images/1564644323853049858/mV591WIw_normal.jpg","https://pbs.twimg.com/profile_banners/2611352869/1662883025",TRUE,FALSE,"list()",NA,NA,"list(description = list(url = NA, expanded_url = NA, display_url = NA, indices = list(NA), unwound = list(NA)), url = list(url = ""https://t.co/OHbSmPxxTi"", expanded_url = ""https://ireland.mfa.gov.ua"", display_url = ""ireland.mfa.gov.ua"", indices = list(start = 0, end = 23), unwound = NA))"
"74",2317703892,"2317703892","Canada in Ukraine","CanEmbUkraine","Ukraine","Embassy of Canada to Ukraine - Fran√ßais : @AmbCanUkraine  https://t.co/RQA4mWaqpJ","https://t.co/tKB3MTIB0Z",FALSE,10813,597,307,2014-01-29 12:48:32,12332,TRUE,18979,"https://pbs.twimg.com/profile_images/1082733800692551680/M8FfPEEN_normal.jpg","https://pbs.twimg.com/profile_banners/2317703892/1645537887",FALSE,FALSE,"list()",NA,NA,"list(description = list(url = ""https://t.co/RQA4mWaqpJ"", expanded_url = ""http://international.gc.ca/socialmedia"", display_url = ""international.gc.ca/socialmedia"", indices = list(start = 58, end = 81), unwound = NA), url = list(url = ""https://t.co/tKB3MTIB0Z"", expanded_url = ""http://www.international.gc.ca"", display_url = ""international.gc.ca"", indices = list(start = 0, end = 23), unwound = NA))"
"75",1498140308613353472,"1498140308613353473","Oleksandr Korniyenko","OlekKorn","Kyiv","First deputy speaker of Verkhovna Rada of Ukraine","https://t.co/q2HS000XfS",FALSE,2237,196,58,2022-02-27 20:38:16,292,TRUE,293,"https://pbs.twimg.com/profile_images/1552228590674214912/cMRrnuqA_normal.jpg","https://pbs.twimg.com/profile_banners/1498140308613353473/1659075189",TRUE,FALSE,"list()",NA,NA,"list(description = list(url = NA, expanded_url = NA, display_url = NA, indices = list(NA), unwound = list(NA)), url = list(url = ""https://t.co/q2HS000XfS"", expanded_url = ""https://www.rada.gov.ua"", display_url = ""rada.gov.ua"", indices = list(start = 0, end = 23), unwound = NA))"
"76",2540964037,"2540964037","UKR Mission to NATO","UKRinNATO","Brussels","Mission of Ukraine to NATO","https://t.co/uann9ZJrI5",FALSE,9216,330,458,2014-06-02 01:28:12,4732,TRUE,10728,"https://pbs.twimg.com/profile_images/1564193444159004673/csr-_jKs_normal.jpg","https://pbs.twimg.com/profile_banners/2540964037/1664199430",TRUE,FALSE,"list()",NA,NA,"list(description = list(url = NA, expanded_url = NA, display_url = NA, indices = list(NA), unwound = list(NA)), url = list(url = ""https://t.co/uann9ZJrI5"", expanded_url = ""http://nato.mfa.gov.ua/en"", display_url = ""nato.mfa.gov.ua/en"", indices = list(start = 0, end = 23), unwound = NA))"
"77",2949394456,"2949394456","UKR Embassy in SRB","UKRinSRB","Paje Adamova 4,11040, Belgrade","–ü–æ—Å–æ–ª—å—Å—Ç–≤–æ –£–∫—Ä–∞—ó–Ω–∏ –≤ –†–µ—Å–ø—É–±–ª—ñ—Ü—ñ –°–µ—Ä–±—ñ—è
–ê–º–±–∞—Å–∞–¥–∞ –£–∫—Ä–∞—ò–∏–Ω–µ —É –†–µ–ø—É–±–ª–∏—Ü–∏ –°—Ä–±–∏—ò–∏
Ambasada Ukrajine u Republici Srbiji   
Embassy of Ukraine in the Republic of Serbia","https://t.co/qFqy7mFS7e",FALSE,2338,520,59,2014-12-29 07:53:55,6569,TRUE,8142,"https://pbs.twimg.com/profile_images/1562354290148122624/sbyrAJ-7_normal.jpg","https://pbs.twimg.com/profile_banners/2949394456/1661237369",TRUE,FALSE,"list()",NA,NA,"list(description = list(url = NA, expanded_url = NA, display_url = NA, indices = list(NA), unwound = list(NA)), url = list(url = ""https://t.co/qFqy7mFS7e"", expanded_url = ""http://serbia.mfa.gov.ua/"", display_url = ""serbia.mfa.gov.ua"", indices = list(start = 0, end = 23), unwound = NA))"
"78",1219269860301135872,"1219269860301135873","Solomiia Bobrovska","Bobrovska_MP","Kyiv","Member of Parliament of Ukraine @ua_parliament, @goloszmin party, Secretary of Committee on Foreign Affairs, Deputy Head of the Ukrainian Delegation in @NATO PA","https://t.co/w2JiJ3BjOW",FALSE,1194,206,35,2020-01-20 07:46:14,81,TRUE,232,"https://pbs.twimg.com/profile_images/1506281514971144192/xC-Hg8PC_normal.jpg",NA,TRUE,FALSE,"list()",NA,NA,"list(description = list(url = NA, expanded_url = NA, display_url = NA, indices = list(NA), unwound = list(NA)), url = list(url = ""https://t.co/w2JiJ3BjOW"", expanded_url = ""http://rada.gov.ua"", display_url = ""rada.gov.ua"", indices = list(start = 0, end = 23), unwound = NA))"
"79",3355445979,"3355445979","SAVEUKRAINE üá∫üá¶","SaveUkraineSave","Kyiv","THE LATEST NEWS FROM UKRAINE! WE HAVE TO STOP RUSSIAN AGGRESION AGAINST UKRAINE üá∫üá¶ üôèüèª",NA,FALSE,41160,29,139,2015-07-02 12:07:37,21,FALSE,1249,"https://pbs.twimg.com/profile_images/1497494351039053825/nIsY1c2a_normal.jpg","https://pbs.twimg.com/profile_banners/3355445979/1645865556",FALSE,FALSE,"list()",NA,NA,"list(description = list(url = NA, expanded_url = NA, display_url = NA, indices = list(NA), unwound = list(NA)), url = list(url = NA, expanded_url = NA, display_url = NA, indices = list(NA), unwound = list(NA)))"
"80",2371458720,"2371458720","Ukraine Reporter","StateOfUkraine","Ukraine, US, Russia","Reporting and translating news from Ukraine and Russia without the propaganda",NA,FALSE,49752,26,1473,2014-03-03 22:59:50,3,FALSE,5752,"https://pbs.twimg.com/profile_images/440738821949255681/DuL0UL3e_normal.png","https://pbs.twimg.com/profile_banners/2371458720/1401329051",FALSE,FALSE,"list()",NA,NA,"list(description = list(url = NA, expanded_url = NA, display_url = NA, indices = list(NA), unwound = list(NA)), url = list(url = NA, expanded_url = NA, display_url = NA, indices = list(NA), unwound = list(NA)))"
"81",739459981834063872,"739459981834063872","UKREmb in Kyrgyzstan","UKRinKG","Kyrgyzstan","–ü–æ—Å–æ–ª—å—Å—Ç–≤–æ –£–∫—Ä–∞—ó–Ω–∏ –≤ –ö–∏—Ä–≥–∏–∑—Å—Ç–∞–Ω—ñ/ Embassy of Ukraine in Kyrgyzstan/–ö—ã—Ä–≥—ã–∑ –†–µ—Å–ø—É–±–ª–∏–∫–∞—Å—ã–Ω–¥–∞–≥—ã –£–∫—Ä–∞–∏–Ω–∞ –≠–ª—á–∏–ª–∏–≥–∏","https://t.co/l0eYUJm8Qz",FALSE,993,217,23,2016-06-05 08:12:52,1179,TRUE,2147,"https://pbs.twimg.com/profile_images/1562671085463764992/8-LgpLzP_normal.jpg","https://pbs.twimg.com/profile_banners/739459981834063872/1662884004",TRUE,FALSE,"list()",NA,NA,"list(description = list(url = NA, expanded_url = NA, display_url = NA, indices = list(NA), unwound = list(NA)), url = list(url = ""https://t.co/l0eYUJm8Qz"", expanded_url = ""https://kyrgyzstan.mfa.gov.ua/"", display_url = ""kyrgyzstan.mfa.gov.ua"", indices = list(start = 0, end = 23), unwound = NA))"
"82",1.303584169143e+18,"1303584169143001090","UKR Embassy in Albania","UKRinALB","","–ü–æ—Å–æ–ª—å—Å—Ç–≤–æ –£–∫—Ä–∞—ó–Ω–∏ –≤ –†–µ—Å–ø—É–±–ª—ñ—Ü—ñ –ê–ª–±–∞–Ω—ñ—è / Embassy of Ukraine to the Republic of Albania / Ambasada e Ukrain√´s n√´ Republik√´n e Shqip√´ris√´","https://t.co/kx5QskM3aM",FALSE,417,532,12,2020-09-09 00:42:21,490,TRUE,657,"https://pbs.twimg.com/profile_images/1562355708296937472/j_nRos83_normal.jpg","https://pbs.twimg.com/profile_banners/1303584169143001090/1662886470",TRUE,FALSE,"list()",NA,NA,"list(description = list(url = NA, expanded_url = NA, display_url = NA, indices = list(NA), unwound = list(NA)), url = list(url = ""https://t.co/kx5QskM3aM"", expanded_url = ""https://albania.mfa.gov.ua/"", display_url = ""albania.mfa.gov.ua"", indices = list(start = 0, end = 23), unwound = NA))"
"83",2470504664,"2470504664","UKR Embassy in SAU","UKRinSAU","P.O.Box 94010, Riyadh 11693","Embassy of Ukraine in Riyadh, the Kingdom of Saudi Arabia / –ü–æ—Å–æ–ª—å—Å—Ç–≤–æ –£–∫—Ä–∞—ó–Ω–∏ –≤ –ö–æ—Ä–æ–ª—ñ–≤—Å—Ç–≤—ñ –°–∞—É–¥—ñ–≤—Å—å–∫–∞ –ê—Ä–∞–≤—ñ—è / ÿ≥ŸÅÿßÿ±ÿ© ÿ£ŸàŸÉÿ±ÿßŸÜŸäÿß ŸÅŸä ÿßŸÑŸÖŸÖŸÑŸÉÿ© ÿßŸÑÿπÿ±ÿ®Ÿäÿ© ÿßŸÑÿ≥ÿπŸàÿØŸäÿ©","https://t.co/R1d2w6r17r",FALSE,4299,57,58,2014-04-30 01:43:45,25,TRUE,4762,"https://pbs.twimg.com/profile_images/1572302574845313029/p6FdAHnJ_normal.jpg","https://pbs.twimg.com/profile_banners/2470504664/1664348330",FALSE,FALSE,"list()",NA,NA,"list(description = list(url = NA, expanded_url = NA, display_url = NA, indices = list(NA), unwound = list(NA)), url = list(url = ""https://t.co/R1d2w6r17r"", expanded_url = ""http://saudiarabia.mfa.gov.ua"", display_url = ""saudiarabia.mfa.gov.ua"", indices = list(start = 0, end = 23), unwound = NA))"
"84",1264294554,"1264294554","UKR Embassy in Slovakia","UKRinSR","https://goo.gl/maps/FCuSw","Ukrainian Embassy in Bratislava / –ü–æ—Å–æ–ª—å—Å—Ç–≤–æ –£–∫—Ä–∞—ó–Ω–∏ —É –ë—Ä–∞—Ç–∏—Å–ª–∞–≤—ñ / Veƒævyslanectvo Ukrajiny v Bratislave","https://t.co/GQ7ccTeOhp",FALSE,2068,249,60,2013-03-13 06:09:39,450,TRUE,3676,"https://pbs.twimg.com/profile_images/1564615277555359757/zbzafIHU_normal.png","https://pbs.twimg.com/profile_banners/1264294554/1662882962",TRUE,FALSE,"list()",NA,NA,"list(description = list(url = NA, expanded_url = NA, display_url = NA, indices = list(NA), unwound = list(NA)), url = list(url = ""https://t.co/GQ7ccTeOhp"", expanded_url = ""http://slovakia.mfa.gov.ua/ua"", display_url = ""slovakia.mfa.gov.ua/ua"", indices = list(start = 0, end = 23), unwound = NA))"
"85",979712663876964352,"979712663876964352","‚Çørittany Kaiser üá∫üá¶ #HelpUkraineWithCrypto","OwnYourDataNow","The Decentralized Metaverse ","#OwnYourData Founder. Whistleblower. Data rights, #Bitcoin & #blockchain activist. Chair @GryphonMining. #NFT lover. Donate to #Ukraine in #crypto hereüëáüèΩ","https://t.co/9NrpeWGYRS",FALSE,29162,1691,251,2018-03-30 07:31:16,13939,TRUE,3612,"https://pbs.twimg.com/profile_images/1563201608099409920/cq6zwZZf_normal.jpg","https://pbs.twimg.com/profile_banners/979712663876964352/1649102542",FALSE,FALSE,"list()",NA,NA,"list(description = list(url = NA, expanded_url = NA, display_url = NA, indices = list(NA), unwound = list(NA)), url = list(url = ""https://t.co/9NrpeWGYRS"", expanded_url = ""https://donate.thedigital.gov.ua/"", display_url = ""donate.thedigital.gov.ua"", indices = list(start = 0, end = 23), unwound = NA))"
"86",2752247802,"2752247802","UKR Consulate Malaga","UKRinMalaga","M√°laga, Espa√±a","Ukrainian Consulate in Malaga Consulado de Ucrania en M√°laga –ö–æ–Ω—Å—É–ª—å—Å—Ç–≤–æ –£–∫—Ä–∞—ó–Ω–∏ –≤ –ú–∞–ª–∞–∑—ñ","https://t.co/fVR5hSyk2N",FALSE,1753,87,38,2014-08-21 08:29:01,41,TRUE,796,"https://pbs.twimg.com/profile_images/661225502766665728/4H4S4QAN_normal.jpg","https://pbs.twimg.com/profile_banners/2752247802/1661498879",TRUE,FALSE,"list()",NA,NA,"list(description = list(url = NA, expanded_url = NA, display_url = NA, indices = list(NA), unwound = list(NA)), url = list(url = ""https://t.co/fVR5hSyk2N"", expanded_url = ""http://malaga.mfa.gov.ua/"", display_url = ""malaga.mfa.gov.ua"", indices = list(start = 0, end = 23), unwound = NA))"
"87",2542919845,"2542919845","UKR Embassy in BLR","UkrainavRB","–º.–ú—ñ–Ω—Å—å–∫, –°—Ç–∞—Ä–æ–≤—ñ–ª–µ–Ω—Å—å–∫–∞, 51","Ukrainian Embassy in the Republic of Belarus. –ü–æ—Å–æ–ª—å—Å—Ç–≤–æ –£–∫—Ä–∞—ó–Ω–∏ –≤ –†–µ—Å–ø—É–±–ª—ñ—Ü—ñ –ë—ñ–ª–æ—Ä—É—Å—å. –ü–∞—Å–æ–ª—å—Å—Ç–≤–∞ –£–∫—Ä–∞—ñ–Ω—ã —û –†—ç—Å–ø—É–±–ª—ñ—Ü—ã –ë–µ–ª–∞—Ä—É—Å—å","https://t.co/wSAQKKSkpt",FALSE,2443,155,83,2014-06-03 00:24:55,2965,TRUE,7988,"https://pbs.twimg.com/profile_images/746299577817522176/9M7eUKj5_normal.jpg","https://pbs.twimg.com/profile_banners/2542919845/1661407011",TRUE,FALSE,"list()",NA,NA,"list(description = list(url = NA, expanded_url = NA, display_url = NA, indices = list(NA), unwound = list(NA)), url = list(url = ""https://t.co/wSAQKKSkpt"", expanded_url = ""http://belarus.mfa.gov.ua/ua"", display_url = ""belarus.mfa.gov.ua/ua"", indices = list(start = 0, end = 23), unwound = NA))"
"88",4211046952,"4211046952","WHO Ukraine","WHOUkraine","Ukraine","Official Twitter account of the World Health Organization in #Ukraine. –û—Ñ—ñ—Ü—ñ–π–Ω–∏–π —Ç–≤—ñ—Ç–µ—Ä –∞–∫–∞—É–Ω—Ç –ë—é—Ä–æ –í–û–û–ó –≤ –£–∫—Ä–∞—ó–Ω—ñ","https://t.co/RXwCaWEBTJ",FALSE,6894,185,185,2015-11-17 09:10:31,1258,TRUE,2509,"https://pbs.twimg.com/profile_images/1522571948827500545/B01Wj2Ns_normal.jpg","https://pbs.twimg.com/profile_banners/4211046952/1646840012",TRUE,FALSE,"list()",NA,NA,"list(description = list(url = NA, expanded_url = NA, display_url = NA, indices = list(NA), unwound = list(NA)), url = list(url = ""https://t.co/RXwCaWEBTJ"", expanded_url = ""https://www.euro.who.int/en/health-topics/health-emergencies/ukraine-emergency"", display_url = ""euro.who.int/en/health-topi‚Ä¶"", indices = list(start = 0, end = 23), unwound = NA))"
"89",2509836175,"2509836175","UKR Embassy in SGP","UKRinSGP","Singapore","Ukrainian Embassy in Singapore / –ü–æ—Å–æ–ª—å—Å—Ç–≤–æ –£–∫—Ä–∞—ó–Ω–∏ –≤ –°—ñ–Ω–≥–∞–ø—É—Ä—ñ","https://t.co/UuIjtvvccG",FALSE,2481,467,74,2014-05-20 03:16:48,3535,TRUE,8085,"https://pbs.twimg.com/profile_images/1376844907076182017/heiBqGTX_normal.jpg","https://pbs.twimg.com/profile_banners/2509836175/1662102610",TRUE,FALSE,"list()",NA,NA,"list(description = list(url = NA, expanded_url = NA, display_url = NA, indices = list(NA), unwound = list(NA)), url = list(url = ""https://t.co/UuIjtvvccG"", expanded_url = ""http://singapore.mfa.gov.ua/en"", display_url = ""singapore.mfa.gov.ua/en"", indices = list(start = 0, end = 23), unwound = NA))"
"90",2493829627,"2493829627","UKR Embassy in LTU","UKRinLTU","Teatro g. 4, Vilnius  ","Embassy of Ukraine in the Republic of Lithuania/–ü–æ—Å–æ–ª—å—Å—Ç–≤–æ –£–∫—Ä–∞—ó–Ω–∏ —É –õ–∏—Ç–æ–≤—Å—å–∫—ñ–π –†–µ—Å–ø—É–±–ª—ñ—Ü—ñ/Ukrainos Ambasada Lietuvoje","https://t.co/XJS4Pngjfy",FALSE,3267,643,92,2014-05-14 00:54:26,8707,TRUE,11808,"https://pbs.twimg.com/profile_images/1369913730251841536/7VYft3Vd_normal.jpg","https://pbs.twimg.com/profile_banners/2493829627/1664348570",FALSE,FALSE,"list()",NA,NA,"list(description = list(url = NA, expanded_url = NA, display_url = NA, indices = list(NA), unwound = list(NA)), url = list(url = ""https://t.co/XJS4Pngjfy"", expanded_url = ""http://www.lithuania.mfa.gov.ua"", display_url = ""lithuania.mfa.gov.ua"", indices = list(start = 0, end = 23), unwound = NA))"
"91",771684416645173248,"771684416645173249","Ukraine in CoE","UKRinCoE","Strasbourg, France","Permanent Representation of Ukraine to the Council of Europe. We work to promote democracy, the rule of law, and human rights and freedoms in Ukraine and Europe","https://t.co/19Se3ztJ0i",FALSE,1467,146,51,2016-09-02 06:21:17,523,TRUE,3067,"https://pbs.twimg.com/profile_images/1569375965372891136/JGRt5CRS_normal.png","https://pbs.twimg.com/profile_banners/771684416645173249/1663003364",TRUE,FALSE,"list()",NA,NA,"list(description = list(url = NA, expanded_url = NA, display_url = NA, indices = list(NA), unwound = list(NA)), url = list(url = ""https://t.co/19Se3ztJ0i"", expanded_url = ""http://coe.mfa.gov.ua"", display_url = ""coe.mfa.gov.ua"", indices = list(start = 0, end = 23), unwound = NA))"
"92",163406379,"163406379","AmCham Ukraine üá∫üá¶","ChamberUkraine","Kyiv, Ukraine","Ukraine‚Äôs most powerful international business association that has been serving members in Ukraine since 1992. An affiliate of @USChamber üá∫üá∏","https://t.co/QTbzwZl8eJ",FALSE,3161,1330,96,2010-07-06 03:59:59,351,FALSE,4113,"https://pbs.twimg.com/profile_images/1480812220841869318/oL3TRV6b_normal.jpg","https://pbs.twimg.com/profile_banners/163406379/1663654770",FALSE,FALSE,"list()",NA,NA,"list(description = list(url = NA, expanded_url = NA, display_url = NA, indices = list(NA), unwound = list(NA)), url = list(url = ""https://t.co/QTbzwZl8eJ"", expanded_url = ""http://www.chamber.ua"", display_url = ""chamber.ua"", indices = list(start = 0, end = 23), unwound = NA))"
"93",956817978087165952,"956817978087165952","Issac | –ò—Åc–∞–∫","Marine_Ukraine","Ukraine ","Former üá∫üá∏ Marine officer now in Ukraine üá∫üá¶ | For individual freedoms, national sovereignty & identity | Donateüëá |  DM to collaborate |","https://t.co/Zn3uvtCIT3",FALSE,63377,240,709,2018-01-26 02:15:57,108,FALSE,312,"https://pbs.twimg.com/profile_images/1530465495694069760/_sit5sfG_normal.jpg","https://pbs.twimg.com/profile_banners/956817978087165952/1656877347",TRUE,FALSE,"list()",NA,NA,"list(description = list(url = NA, expanded_url = NA, display_url = NA, indices = list(NA), unwound = list(NA)), url = list(url = ""https://t.co/Zn3uvtCIT3"", expanded_url = ""https://www.thevictoryteam.org/"", display_url = ""thevictoryteam.org"", indices = list(start = 0, end = 23), unwound = NA))"
"94",936305690519527424,"936305690519527425","OCHA Ukraine","OCHA_Ukraine","Ukraine","The UN Office for the Coordination of Humanitarian Affairs (OCHA) mobilizes & coordinates assistance to people whose lives have been upended by Ukraine's war.","https://t.co/47CIqOXvRr",FALSE,6146,488,205,2017-11-30 11:47:27,3404,TRUE,3061,"https://pbs.twimg.com/profile_images/1450722518537744384/OoKo4bxa_normal.jpg","https://pbs.twimg.com/profile_banners/936305690519527425/1663434703",TRUE,FALSE,"list()",NA,NA,"list(description = list(url = NA, expanded_url = NA, display_url = NA, indices = list(NA), unwound = list(NA)), url = list(url = ""https://t.co/47CIqOXvRr"", expanded_url = ""https://www.unocha.org/ukraine"", display_url = ""unocha.org/ukraine"", indices = list(start = 0, end = 23), unwound = NA))"
"95",2496578317,"2496578317","UKR Embassy in CYP","UkrEmbCy","Nicosia","Embassy of Ukraine in the Republic of Cyprus/ –ü–æ—Å–æ–ª—å—Å—Ç–≤–æ –£–∫—Ä–∞—ó–Ω–∏ –≤ –†–µ—Å–ø—É–±–ª—ñ—Ü—ñ –ö—ñ–ø—Ä/ Œ†œÅŒµœÉŒ≤ŒµŒØŒ± œÑŒ∑œÇ ŒüœÖŒ∫œÅŒ±ŒΩŒØŒ±œÇ œÉœÑŒ∑ŒΩ ŒöœÖœÄœÅŒπŒ±Œ∫ŒÆ ŒîŒ∑ŒºŒøŒ∫œÅŒ±œÑŒØŒ±","https://t.co/JHPdtvzju5",FALSE,2204,647,59,2014-05-15 09:23:54,1778,TRUE,5721,"https://pbs.twimg.com/profile_images/1562327101361033216/IUzwBHCm_normal.jpg","https://pbs.twimg.com/profile_banners/2496578317/1661323634",FALSE,FALSE,"list()",NA,NA,"list(description = list(url = NA, expanded_url = NA, display_url = NA, indices = list(NA), unwound = list(NA)), url = list(url = ""https://t.co/JHPdtvzju5"", expanded_url = ""http://cyprus.mfa.gov.ua"", display_url = ""cyprus.mfa.gov.ua"", indices = list(start = 0, end = 23), unwound = NA))"
"96",958468364,"958468364","Internews Ukraine","InternewsUA","Kyiv, Ukraine","Current news about #media in #Ukraine. More explainers about Ukraine at @ukraine_world","https://t.co/DPgwra4B2P",FALSE,3829,317,210,2012-11-19 13:37:24,1273,TRUE,4183,"https://pbs.twimg.com/profile_images/1482131710951272451/EC0hiL9s_normal.png","https://pbs.twimg.com/profile_banners/958468364/1647345552",TRUE,FALSE,"list()",NA,NA,"list(description = list(url = NA, expanded_url = NA, display_url = NA, indices = list(NA), unwound = list(NA)), url = list(url = ""https://t.co/DPgwra4B2P"", expanded_url = ""http://internews.ua/"", display_url = ""internews.ua"", indices = list(start = 0, end = 23), unwound = NA))"
"97",963815487481303040,"963815487481303040","üá∫üá¶ CryptoDiffer - StandWithUkraine üá∫üá¶","CryptoDiffer","Moon","#Blockchain #DeFi #ICO #IEO Projects News & Updates $BNB #BNB $BTC $ETH $TRX $LTO $BAND $UOS $MATIC $FTM $DOT $NEX #Bitcoin contact https://t.co/I7bZ9fgCG0","https://t.co/8gAnYsetoP",FALSE,296755,1858,2760,2018-02-14 09:41:33,35939,FALSE,11598,"https://pbs.twimg.com/profile_images/1019940002967556096/GDQ6KLDs_normal.jpg","https://pbs.twimg.com/profile_banners/963815487481303040/1548172144",FALSE,FALSE,"list()",NA,NA,"list(description = list(url = ""https://t.co/I7bZ9fgCG0"", expanded_url = ""http://t.me/makscryptodiffer"", display_url = ""t.me/makscryptodiff‚Ä¶"", indices = list(start = 132, end = 155), unwound = NA), url = list(url = ""https://t.co/8gAnYsetoP"", expanded_url = ""https://cryptodiffer.com/"", display_url = ""cryptodiffer.com"", indices = list(start = 0, end = 23), unwound = NA))"
"98",1855465602,"1855465602","USAID Ukraine","USAIDUkraine","Kyiv, Ukraine","This is the Twitter account for the United States Agency for International Development (USAID) in Ukraine.","https://t.co/3m07zdABjW",FALSE,3742,698,101,2013-09-11 15:27:49,629,TRUE,3186,"https://pbs.twimg.com/profile_images/378800000444528886/68d8f7ab2d14f3d237fda2e3c92077ca_normal.jpeg","https://pbs.twimg.com/profile_banners/1855465602/1661166329",FALSE,FALSE,"list()",NA,NA,"list(description = list(url = NA, expanded_url = NA, display_url = NA, indices = list(NA), unwound = list(NA)), url = list(url = ""https://t.co/3m07zdABjW"", expanded_url = ""https://www.usaid.gov/ukraine"", display_url = ""usaid.gov/ukraine"", indices = list(start = 0, end = 23), unwound = NA))"
"99",2496258697,"2496258697","UKR Embassy in ARM","UKRinARM","0037, –ï—Ä–µ–≤–∞–Ω, –ê—Ä–∞–±–∫–∏—Ä, —É–ª.29,","Ukrainian Embassy in Yerevan –£–∫—Ä–∞—ó–Ω—Å—å–∫–µ –ü–æ—Å–æ–ª—å—Å—Ç–≤–æ –≤ –Ñ—Ä–µ–≤–∞–Ω—ñ ’à÷Ç’Ø÷Ä’°’´’∂’°’µ’´ ’§’•’Ω’∫’°’∂’°’ø’∏÷Ç’∂’® ‘µ÷Ä’•÷Ç’°’∂’∏÷Ç’¥","https://t.co/oIUjMbSxBf",FALSE,1378,96,45,2014-05-15 06:15:07,32,TRUE,1591,"https://pbs.twimg.com/profile_images/1562382614413156352/nen22Vve_normal.jpg","https://pbs.twimg.com/profile_banners/2496258697/1661335825",FALSE,FALSE,"list()",NA,NA,"list(description = list(url = NA, expanded_url = NA, display_url = NA, indices = list(NA), unwound = list(NA)), url = list(url = ""https://t.co/oIUjMbSxBf"", expanded_url = ""http://armenia.mfa.gov.ua/ua"", display_url = ""armenia.mfa.gov.ua/ua"", indices = list(start = 0, end = 23), unwound = NA))"
"100",2494246794,"2494246794","UKR Embassy in JOR","UKRinJOR","Amman, Jordan","ÿ≥ŸÅÿßÿ±ÿ© ÿ£ŸàŸÉÿ±ÿßŸÜŸäÿß ŸÅŸä ÿßŸÑŸÖŸÖŸÑŸÉÿ© ÿßŸÑÿ£ÿ±ÿØŸÜŸäÿ© ÿßŸÑŸáÿßÿ¥ŸÖŸäÿ©, –ü–æ—Å–æ–ª—å—Å—Ç–≤–æ –£–∫—Ä–∞—ó–Ω–∏ –≤ –ô–æ—Ä–¥–∞–Ω—ñ—ó, Ukrainian Embassy in Jordan","https://t.co/mIeDFkzzan",FALSE,2551,238,64,2014-05-14 08:41:06,821,TRUE,39328,"https://pbs.twimg.com/profile_images/1572830481787363331/B_tl9_PO_normal.jpg","https://pbs.twimg.com/profile_banners/2494246794/1662888520",TRUE,FALSE,"list()",NA,NA,"list(description = list(url = NA, expanded_url = NA, display_url = NA, indices = list(NA), unwound = list(NA)), url = list(url = ""https://t.co/mIeDFkzzan"", expanded_url = ""http://jordan.mfa.gov.ua"", display_url = ""jordan.mfa.gov.ua"", indices = list(start = 0, end = 23), unwound = NA))"
